品牌,日期,占有率
苹果,2014-01-01,34.56
三星,2014-01-01,23.09
小米,2014-01-01,8.33
OPPO,2014-01-01,4.51
步步高,2014-01-01,3.72
宇龙酷派,2014-01-01,2.62
HTC,2014-01-01,2.44
金立,2014-01-01,1.52
华为,2014-01-01,1.14
联想,2014-01-01,1.09
魅族,2014-01-01,1.01
索尼爱立信,2014-01-01,0.83
索尼,2014-01-01,0.82
海信,2014-01-01,0.8
摩托罗拉,2014-01-01,0.53
LG,2014-01-01,0.52
QCOM,2014-01-01,0.36
ALPS,2014-01-01,0.33
酷比,2014-01-01,0.29
TCT,2014-01-01,0.28
天语,2014-01-01,0.25
中兴,2014-01-01,0.23
小米盒子,2014-01-01,0.22
SOFTWINNERS,2014-01-01,0.22
台电,2014-01-01,0.22
谷歌,2014-01-01,0.2
YUSU,2014-01-01,0.19
华硕,2014-01-01,0.19
波导,2014-01-01,0.19
GENERIC,2014-01-01,0.18
苹果,2014-02-01,34.75
三星,2014-02-01,23.65
小米,2014-02-01,9.03
OPPO,2014-02-01,4.92
步步高,2014-02-01,4.16
宇龙酷派,2014-02-01,2.72
HTC,2014-02-01,2.22
金立,2014-02-01,1.67
华为,2014-02-01,1.13
魅族,2014-02-01,1.09
联想,2014-02-01,0.9
索尼,2014-02-01,0.83
海信,2014-02-01,0.83
索尼爱立信,2014-02-01,0.79
摩托罗拉,2014-02-01,0.51
LG,2014-02-01,0.49
QCOM,2014-02-01,0.36
酷比,2014-02-01,0.3
ALPS,2014-02-01,0.3
TCT,2014-02-01,0.26
天语,2014-02-01,0.24
SOFTWINNERS,2014-02-01,0.21
中兴,2014-02-01,0.21
华硕,2014-02-01,0.2
GENERIC,2014-02-01,0.18
CHINA TELECOM,2014-02-01,0.18
台电,2014-02-01,0.17
YUSU,2014-02-01,0.17
昂达,2014-02-01,0.15
康佳,2014-02-01,0.15
苹果,2014-03-01,35.66
三星,2014-03-01,24.42
小米,2014-03-01,9.75
OPPO,2014-03-01,5.01
步步高,2014-03-01,4.33
宇龙酷派,2014-03-01,2.53
HTC,2014-03-01,1.97
金立,2014-03-01,1.56
魅族,2014-03-01,1.2
华为,2014-03-01,1.14
索尼,2014-03-01,0.94
索尼爱立信,2014-03-01,0.74
海信,2014-03-01,0.73
联想,2014-03-01,0.7
LG,2014-03-01,0.53
摩托罗拉,2014-03-01,0.47
QCOM,2014-03-01,0.3
TCT,2014-03-01,0.28
酷比,2014-03-01,0.27
ALPS,2014-03-01,0.22
天语,2014-03-01,0.18
中兴,2014-03-01,0.17
L1E,2014-03-01,0.15
努比亚,2014-03-01,0.14
CHINA TELECOM,2014-03-01,0.14
GENERIC,2014-03-01,0.14
康佳,2014-03-01,0.13
波导,2014-03-01,0.12
YUSU,2014-03-01,0.12
华硕,2014-03-01,0.1
苹果,2014-04-01,34.78
三星,2014-04-01,23.65
小米,2014-04-01,10.75
OPPO,2014-04-01,5.23
步步高,2014-04-01,4.5
宇龙酷派,2014-04-01,2.64
HTC,2014-04-01,1.85
金立,2014-04-01,1.66
华为,2014-04-01,1.25
魅族,2014-04-01,1.17
索尼,2014-04-01,1.02
海信,2014-04-01,0.76
索尼爱立信,2014-04-01,0.75
LG,2014-04-01,0.54
联想,2014-04-01,0.47
摩托罗拉,2014-04-01,0.42
QCOM,2014-04-01,0.31
TCT,2014-04-01,0.28
酷比,2014-04-01,0.27
努比亚,2014-04-01,0.26
天语,2014-04-01,0.23
ALPS,2014-04-01,0.21
中兴,2014-04-01,0.2
CHINA TELECOM,2014-04-01,0.16
康佳,2014-04-01,0.16
L1E,2014-04-01,0.16
GENERIC,2014-04-01,0.13
YUSU,2014-04-01,0.13
波导,2014-04-01,0.13
PANTECH,2014-04-01,0.11
苹果,2014-05-01,32.45
三星,2014-05-01,23.84
小米,2014-05-01,12.5
OPPO,2014-05-01,5.24
步步高,2014-05-01,4.68
宇龙酷派,2014-05-01,2.72
金立,2014-05-01,1.78
HTC,2014-05-01,1.66
华为,2014-05-01,1.4
魅族,2014-05-01,1.22
索尼,2014-05-01,1.01
海信,2014-05-01,0.79
索尼爱立信,2014-05-01,0.7
LG,2014-05-01,0.59
摩托罗拉,2014-05-01,0.43
联想,2014-05-01,0.42
QCOM,2014-05-01,0.34
TCT,2014-05-01,0.28
酷比,2014-05-01,0.26
努比亚,2014-05-01,0.2
中兴,2014-05-01,0.2
ALPS,2014-05-01,0.19
天语,2014-05-01,0.18
康佳,2014-05-01,0.16
L1E,2014-05-01,0.16
GENERIC,2014-05-01,0.15
CHINA TELECOM,2014-05-01,0.15
波导,2014-05-01,0.14
BAIDU,2014-05-01,0.13
语信,2014-05-01,0.13
苹果,2014-06-01,33.27
三星,2014-06-01,23.27
小米,2014-06-01,13.44
OPPO,2014-06-01,5.1
步步高,2014-06-01,4.75
宇龙酷派,2014-06-01,2.69
金立,2014-06-01,1.77
HTC,2014-06-01,1.46
华为,2014-06-01,1.4
魅族,2014-06-01,1.22
索尼,2014-06-01,0.95
海信,2014-06-01,0.77
索尼爱立信,2014-06-01,0.6
LG,2014-06-01,0.57
摩托罗拉,2014-06-01,0.39
QCOM,2014-06-01,0.34
联想,2014-06-01,0.32
酷比,2014-06-01,0.27
TCT,2014-06-01,0.27
努比亚,2014-06-01,0.19
中兴,2014-06-01,0.17
康佳,2014-06-01,0.17
天语,2014-06-01,0.15
CHINA TELECOM,2014-06-01,0.14
ALPS,2014-06-01,0.14
波导,2014-06-01,0.14
L1E,2014-06-01,0.13
GENERIC,2014-06-01,0.12
BAIDU,2014-06-01,0.12
PANTECH,2014-06-01,0.11
苹果,2014-07-01,31.68
三星,2014-07-01,17.12
小米,2014-07-01,9.92
华为,2014-07-01,5.61
联想,2014-07-01,4.36
酷派,2014-07-01,4.19
OPPO,2014-07-01,3.86
步步高,2014-07-01,3.7
中兴,2014-07-01,2.14
HTC,2014-07-01,1.45
金立,2014-07-01,1.44
魅族,2014-07-01,0.78
索尼,2014-07-01,0.65
海信,2014-07-01,0.63
天语,2014-07-01,0.55
LGE,2014-07-01,0.41
索尼爱立信,2014-07-01,0.36
小米盒子,2014-07-01,0.34
摩托罗拉,2014-07-01,0.31
SOFTWINNERS,2014-07-01,0.29
QCOM,2014-07-01,0.26
欧博信,2014-07-01,0.2
朵唯,2014-07-01,0.2
MICROMAX,2014-07-01,0.2
MBX,2014-07-01,0.19
波导,2014-07-01,0.19
酷比,2014-07-01,0.18
TCT,2014-07-01,0.18
语信,2014-07-01,0.16
LNV-LENOVO,2014-07-01,0.15
苹果,2014-08-01,32.0
三星,2014-08-01,16.34
小米,2014-08-01,10.08
华为,2014-08-01,5.93
联想,2014-08-01,4.47
酷派,2014-08-01,3.93
OPPO,2014-08-01,3.85
步步高,2014-08-01,3.68
中兴,2014-08-01,2.14
HTC,2014-08-01,1.43
金立,2014-08-01,1.36
魅族,2014-08-01,0.76
索尼,2014-08-01,0.64
海信,2014-08-01,0.64
天语,2014-08-01,0.56
LGE,2014-08-01,0.38
SOFTWINNERS,2014-08-01,0.38
小米盒子,2014-08-01,0.36
索尼爱立信,2014-08-01,0.34
摩托罗拉,2014-08-01,0.29
QCOM,2014-08-01,0.25
MBX,2014-08-01,0.23
朵唯,2014-08-01,0.21
MICROMAX,2014-08-01,0.2
波导,2014-08-01,0.19
欧博信,2014-08-01,0.18
酷比,2014-08-01,0.17
TCT,2014-08-01,0.17
LNV-LENOVO,2014-08-01,0.16
语信,2014-08-01,0.16
苹果,2014-11-01,30.74
三星,2014-11-01,16.31
小米,2014-11-01,11.52
华为,2014-11-01,6.41
OPPO,2014-11-01,4.02
联想,2014-11-01,3.84
步步高,2014-11-01,3.83
宇龙酷派,2014-11-01,3.75
中兴,2014-11-01,1.71
HTC,2014-11-01,1.4
金立,2014-11-01,1.16
魅族,2014-11-01,1.0
索尼,2014-11-01,0.71
海信,2014-11-01,0.66
LG,2014-11-01,0.47
SOFTWINNERS,2014-11-01,0.41
QCOM,2014-11-01,0.33
天语,2014-11-01,0.31
小米盒子,2014-11-01,0.31
索尼爱立信,2014-11-01,0.3
摩托罗拉,2014-11-01,0.26
朵唯,2014-11-01,0.23
MICROMAX,2014-11-01,0.21
MBX,2014-11-01,0.21
TCT,2014-11-01,0.2
波导,2014-11-01,0.19
努比亚,2014-11-01,0.19
语信,2014-11-01,0.17
酷比,2014-11-01,0.16
CMDC,2014-11-01,0.15
苹果,2014-12-01,32.08
三星,2014-12-01,15.49
小米,2014-12-01,11.77
华为,2014-12-01,6.49
OPPO,2014-12-01,3.97
步步高,2014-12-01,3.9
联想,2014-12-01,3.84
宇龙酷派,2014-12-01,3.65
中兴,2014-12-01,1.62
HTC,2014-12-01,1.22
金立,2014-12-01,1.14
魅族,2014-12-01,1.11
索尼,2014-12-01,0.68
海信,2014-12-01,0.62
LG,2014-12-01,0.45
SOFTWINNERS,2014-12-01,0.42
小米盒子,2014-12-01,0.29
QCOM,2014-12-01,0.28
天语,2014-12-01,0.28
摩托罗拉,2014-12-01,0.25
朵唯,2014-12-01,0.24
索尼爱立信,2014-12-01,0.24
MICROMAX,2014-12-01,0.22
努比亚,2014-12-01,0.21
MBX,2014-12-01,0.2
TCT,2014-12-01,0.19
语信,2014-12-01,0.19
CMDC,2014-12-01,0.18
酷比,2014-12-01,0.16
TCL,2014-12-01,0.16
苹果,2015-01-01,31.58
三星,2015-01-01,14.68
小米,2015-01-01,11.57
华为,2015-01-01,6.51
步步高,2015-01-01,4.14
联想,2015-01-01,4.03
OPPO,2015-01-01,4.02
酷派,2015-01-01,3.61
中兴,2015-01-01,1.62
金立,2015-01-01,1.18
魅族,2015-01-01,1.17
HTC,2015-01-01,1.16
索尼,2015-01-01,0.65
海信,2015-01-01,0.64
LGE,2015-01-01,0.42
天语,2015-01-01,0.41
SOFTWINNERS,2015-01-01,0.38
小米盒子,2015-01-01,0.3
QCOM,2015-01-01,0.29
朵唯,2015-01-01,0.26
努比亚,2015-01-01,0.22
摩托罗拉,2015-01-01,0.22
索尼爱立信,2015-01-01,0.21
TCL,2015-01-01,0.2
MICROMAX,2015-01-01,0.19
MBX,2015-01-01,0.19
酷比,2015-01-01,0.19
波导,2015-01-01,0.17
CMDC,2015-01-01,0.17
TCT,2015-01-01,0.14
苹果,2015-02-01,32.55
三星,2015-02-01,14.13
小米,2015-02-01,11.53
华为,2015-02-01,6.8
步步高,2015-02-01,4.34
OPPO,2015-02-01,4.18
联想,2015-02-01,4.02
酷派,2015-02-01,3.64
中兴,2015-02-01,1.57
金立,2015-02-01,1.24
魅族,2015-02-01,1.23
HTC,2015-02-01,0.96
海信,2015-02-01,0.66
索尼,2015-02-01,0.59
LGE,2015-02-01,0.37
SOFTWINNERS,2015-02-01,0.33
天语,2015-02-01,0.29
QCOM,2015-02-01,0.27
朵唯,2015-02-01,0.24
小米盒子,2015-02-01,0.23
TCL,2015-02-01,0.21
摩托罗拉,2015-02-01,0.2
MICROMAX,2015-02-01,0.19
MBX,2015-02-01,0.19
索尼爱立信,2015-02-01,0.19
努比亚,2015-02-01,0.19
QEDIRS,2015-02-01,0.18
波导,2015-02-01,0.16
酷比,2015-02-01,0.16
华硕,2015-02-01,0.15
苹果,2015-03-01,31.1
三星,2015-03-01,11.4
小米,2015-03-01,11.11
华为,2015-03-01,2.91
OPPO,2015-03-01,1.65
vivo,2015-03-01,1.52
酷派,2015-03-01,0.76
魅族,2015-03-01,0.7
HTC,2015-03-01,0.25
金立,2015-03-01,0.23
索尼,2015-03-01,0.18
中兴,2015-03-01,0.07
努比亚,2015-03-01,0.06
LG,2015-03-01,0.06
联想,2015-03-01,0.04
摩托罗拉,2015-03-01,0.03
TCL,2015-03-01,0.03
乡米,2015-03-01,0.02
海信,2015-03-01,0.02
维图,2015-03-01,0.02
广信,2015-03-01,0.02
锤子,2015-03-01,0.02
优米,2015-03-01,0.02
天敏,2015-03-01,0.01
康佳,2015-03-01,0.01
酷比,2015-03-01,0.01
先锋,2015-03-01,0.01
阿尔卡特,2015-03-01,0.01
英菲克,2015-03-01,0.01
Micromax,2015-03-01,0.01
至尊宝,2015-03-01,0.01
LAVA,2015-03-01,0.01
尼比鲁,2015-03-01,0.01
语信,2015-03-01,0.01
昂达,2015-03-01,0.01
波导,2015-03-01,0.01
天语,2015-03-01,0.01
苹果,2015-04-01,33.02
三星,2015-04-01,14.01
小米,2015-04-01,11.78
华为,2015-04-01,7.28
步步高,2015-04-01,4.42
OPPO,2015-04-01,4.21
联想,2015-04-01,3.89
酷派,2015-04-01,3.52
魅族,2015-04-01,1.55
金立,2015-04-01,1.37
中兴,2015-04-01,1.35
HTC,2015-04-01,0.92
索尼,2015-04-01,0.63
海信,2015-04-01,0.58
LGE,2015-04-01,0.39
天语,2015-04-01,0.28
朵唯,2015-04-01,0.28
SOFTWINNERS,2015-04-01,0.24
QCOM,2015-04-01,0.23
TCL,2015-04-01,0.23
MICROMAX,2015-04-01,0.21
小米盒子,2015-04-01,0.21
摩托罗拉,2015-04-01,0.2
努比亚,2015-04-01,0.19
索尼爱立信,2015-04-01,0.17
MBX,2015-04-01,0.17
波导,2015-04-01,0.16
酷比,2015-04-01,0.15
CMDC,2015-04-01,0.15
语信,2015-04-01,0.14
苹果,2015-05-01,31.81
三星,2015-05-01,15.44
小米,2015-05-01,10.93
华为,2015-05-01,7.41
步步高,2015-05-01,4.08
OPPO,2015-05-01,3.72
联想,2015-05-01,3.27
酷派,2015-05-01,2.96
魅族,2015-05-01,1.67
中兴,2015-05-01,1.21
HTC,2015-05-01,1.07
金立,2015-05-01,1.02
索尼,2015-05-01,0.8
海信,2015-05-01,0.54
LGE,2015-05-01,0.46
MICROMAX,2015-05-01,0.32
TCL,2015-05-01,0.25
努比亚,2015-05-01,0.24
SOFTWINNERS,2015-05-01,0.21
摩托罗拉,2015-05-01,0.21
朵唯,2015-05-01,0.2
小米盒子,2015-05-01,0.19
MBX,2015-05-01,0.19
天语,2015-05-01,0.19
QCOM,2015-05-01,0.18
TCT,2015-05-01,0.15
CMDC,2015-05-01,0.14
MI,2015-05-01,0.14
索尼爱立信,2015-05-01,0.14
华硕,2015-05-01,0.12
苹果,2015-06-01,29.46
三星,2015-06-01,13.48
小米,2015-06-01,10.84
华为,2015-06-01,3.92
OPPO,2015-06-01,1.66
vivo,2015-06-01,1.04
魅族,2015-06-01,0.98
酷派,2015-06-01,0.87
金立,2015-06-01,0.24
HTC,2015-06-01,0.21
索尼,2015-06-01,0.18
努比亚,2015-06-01,0.11
LG,2015-06-01,0.08
联想,2015-06-01,0.08
中兴,2015-06-01,0.07
TCL,2015-06-01,0.06
摩托罗拉,2015-06-01,0.04
Micromax,2015-06-01,0.04
英菲克,2015-06-01,0.03
锤子,2015-06-01,0.03
阿尔卡特,2015-06-01,0.03
Intex,2015-06-01,0.03
乐视,2015-06-01,0.02
语信,2015-06-01,0.02
优米,2015-06-01,0.02
天语,2015-06-01,0.02
康佳,2015-06-01,0.02
金星数码,2015-06-01,0.01
至尊宝,2015-06-01,0.01
CherryMobile,2015-06-01,0.01
西米,2015-06-01,0.01
华硕,2015-06-01,0.01
天敏,2015-06-01,0.01
先锋,2015-06-01,0.01
昂达,2015-06-01,0.01
尼比鲁,2015-06-01,0.01
Karbonn,2015-06-01,0.01
XOLO,2015-06-01,0.01
广信,2015-06-01,0.01
LAVA,2015-06-01,0.01
诺基亚,2015-06-01,0.01
乡米,2015-06-01,0.01
酷比,2015-06-01,0.01
Advan,2015-06-01,0.01
海信,2015-06-01,0.01
维图,2015-06-01,0.01
苹果,2015-07-01,25.84
三星,2015-07-01,16.1
小米,2015-07-01,11.54
华为,2015-07-01,8.04
步步高,2015-07-01,4.25
OPPO,2015-07-01,3.88
酷派,2015-07-01,3.49
联想,2015-07-01,3.37
魅族,2015-07-01,1.81
中兴,2015-07-01,1.15
金立,2015-07-01,1.07
HTC,2015-07-01,0.99
索尼,2015-07-01,0.92
LGE,2015-07-01,0.83
MICROMAX,2015-07-01,0.58
海信,2015-07-01,0.5
摩托罗拉,2015-07-01,0.39
TCL,2015-07-01,0.25
TCT,2015-07-01,0.22
努比亚,2015-07-01,0.21
朵唯,2015-07-01,0.2
SOFTWINNERS,2015-07-01,0.2
QCOM,2015-07-01,0.19
酷比,2015-07-01,0.19
MBX,2015-07-01,0.18
天语,2015-07-01,0.17
INTEX,2015-07-01,0.15
QMOBILE,2015-07-01,0.15
华硕,2015-07-01,0.14
索尼爱立信,2015-07-01,0.14
苹果,2015-08-01,28.26
三星,2015-08-01,15.62
小米,2015-08-01,10.85
华为,2015-08-01,7.89
步步高,2015-08-01,4.17
OPPO,2015-08-01,3.89
酷派,2015-08-01,3.28
联想,2015-08-01,3.19
魅族,2015-08-01,1.89
金立,2015-08-01,1.07
中兴,2015-08-01,1.03
LGE,2015-08-01,1.01
索尼,2015-08-01,0.99
HTC,2015-08-01,0.85
摩托罗拉,2015-08-01,0.66
MICROMAX,2015-08-01,0.64
海信,2015-08-01,0.49
TCT,2015-08-01,0.29
TCL,2015-08-01,0.28
QCOM,2015-08-01,0.26
努比亚,2015-08-01,0.2
朵唯,2015-08-01,0.19
华硕,2015-08-01,0.19
MBX,2015-08-01,0.18
SOFTWINNERS,2015-08-01,0.18
INTEX,2015-08-01,0.18
天语,2015-08-01,0.16
QMOBILE,2015-08-01,0.16
ADVAN,2015-08-01,0.15
BIGNOX,2015-08-01,0.14
苹果,2015-09-01,27.2
三星,2015-09-01,14.76
小米,2015-09-01,9.83
华为,2015-09-01,7.55
步步高,2015-09-01,3.86
OPPO,2015-09-01,3.65
联想,2015-09-01,2.87
酷派,2015-09-01,2.63
魅族,2015-09-01,1.96
金立,2015-09-01,1.07
LGE,2015-09-01,1.07
索尼,2015-09-01,0.99
中兴,2015-09-01,0.91
HTC,2015-09-01,0.82
MICROMAX,2015-09-01,0.71
摩托罗拉,2015-09-01,0.66
海信,2015-09-01,0.48
RK2928SDK,2015-09-01,0.32
TCT,2015-09-01,0.31
QCOM,2015-09-01,0.3
TCL,2015-09-01,0.29
BIGNOX,2015-09-01,0.28
ADVAN,2015-09-01,0.25
华硕,2015-09-01,0.25
努比亚,2015-09-01,0.24
MBX,2015-09-01,0.22
LAVA,2015-09-01,0.22
朵唯,2015-09-01,0.2
SOFTWINNERS,2015-09-01,0.2
INTEX,2015-09-01,0.2
苹果,2015-10-01,30.53
三星,2015-10-01,12.31
小米,2015-10-01,10.36
华为,2015-10-01,4.39
OPPO,2015-10-01,1.66
魅族,2015-10-01,1.16
酷派,2015-10-01,0.93
vivo,2015-10-01,0.74
金立,2015-10-01,0.23
索尼,2015-10-01,0.2
LG,2015-10-01,0.16
HTC,2015-10-01,0.16
努比亚,2015-10-01,0.12
联想,2015-10-01,0.11
摩托罗拉,2015-10-01,0.09
锤子,2015-10-01,0.09
中国移动,2015-10-01,0.08
中兴,2015-10-01,0.06
语信,2015-10-01,0.05
阿尔卡特,2015-10-01,0.05
天语,2015-10-01,0.05
TCL,2015-10-01,0.04
乐视,2015-10-01,0.04
Intex,2015-10-01,0.04
英菲克,2015-10-01,0.03
领英,2015-10-01,0.02
Bmobile,2015-10-01,0.02
奇酷,2015-10-01,0.02
康佳,2015-10-01,0.02
领歌,2015-10-01,0.01
康柏,2015-10-01,0.01
西米,2015-10-01,0.01
沃普丰,2015-10-01,0.01
亿通,2015-10-01,0.01
金星数码,2015-10-01,0.01
德卡诺,2015-10-01,0.01
酷珀,2015-10-01,0.01
Micromax,2015-10-01,0.01
广信,2015-10-01,0.01
昂达,2015-10-01,0.01
至尊宝,2015-10-01,0.01
尼比鲁,2015-10-01,0.01
乡米,2015-10-01,0.01
LAVA,2015-10-01,0.01
华硕,2015-10-01,0.01
一加,2015-10-01,0.01
优米,2015-10-01,0.01
海信,2015-10-01,0.01
XOLO,2015-10-01,0.01
读书郎,2015-10-01,0.01
Advan,2015-10-01,0.01
天敏,2015-10-01,0.01
维图,2015-10-01,0.01
Karbonn,2015-10-01,0.01
苹果,2015-11-01,27.53
三星,2015-11-01,12.88
小米,2015-11-01,10.85
华为,2015-11-01,8.05
步步高,2015-11-01,4.1
OPPO,2015-11-01,4.05
联想,2015-11-01,2.82
酷派,2015-11-01,2.29
魅族,2015-11-01,2.21
金立,2015-11-01,1.11
HTC,2015-11-01,0.91
LGE,2015-11-01,0.84
中兴,2015-11-01,0.83
索尼,2015-11-01,0.75
MICROMAX,2015-11-01,0.57
摩托罗拉,2015-11-01,0.51
BIGNOX,2015-11-01,0.43
海信,2015-11-01,0.41
QCOM,2015-11-01,0.29
TCL,2015-11-01,0.28
努比亚,2015-11-01,0.23
朵唯,2015-11-01,0.19
LETV,2015-11-01,0.19
TCT,2015-11-01,0.19
ADVAN,2015-11-01,0.19
MBX,2015-11-01,0.18
INTEX,2015-11-01,0.18
I-MOBILE,2015-11-01,0.18
CMDC,2015-11-01,0.18
SOFTWINNERS,2015-11-01,0.17
苹果,2015-12-01,30.36
小米,2015-12-01,11.17
三星,2015-12-01,11.12
华为,2015-12-01,4.82
OPPO,2015-12-01,1.78
魅族,2015-12-01,1.3
酷派,2015-12-01,0.91
vivo,2015-12-01,0.66
金立,2015-12-01,0.29
索尼,2015-12-01,0.2
LG,2015-12-01,0.16
努比亚,2015-12-01,0.15
HTC,2015-12-01,0.12
中国移动,2015-12-01,0.11
锤子,2015-12-01,0.1
语信,2015-12-01,0.08
摩托罗拉,2015-12-01,0.08
联想,2015-12-01,0.08
中兴,2015-12-01,0.07
乐视,2015-12-01,0.06
天语,2015-12-01,0.05
TCL,2015-12-01,0.04
奇酷,2015-12-01,0.04
Intex,2015-12-01,0.04
阿尔卡特,2015-12-01,0.03
英菲克,2015-12-01,0.03
维图,2015-12-01,0.02
至尊宝,2015-12-01,0.02
Advan,2015-12-01,0.02
酷珀,2015-12-01,0.02
广信,2015-12-01,0.01
本为,2015-12-01,0.01
乡米,2015-12-01,0.01
Micromax,2015-12-01,0.01
优米,2015-12-01,0.01
Innjoo,2015-12-01,0.01
创维,2015-12-01,0.01
领歌,2015-12-01,0.01
LAVA,2015-12-01,0.01
尼比鲁,2015-12-01,0.01
昂达,2015-12-01,0.01
海信,2015-12-01,0.01
读书郎,2015-12-01,0.01
天敏,2015-12-01,0.01
欧奇,2015-12-01,0.01
康佳,2015-12-01,0.01
华硕,2015-12-01,0.01
沃普丰,2015-12-01,0.01
领英,2015-12-01,0.01
XOLO,2015-12-01,0.01
Karbonn,2015-12-01,0.01
一加,2015-12-01,0.01
基伍,2015-12-01,0.01
Bmobile,2015-12-01,0.01
贝尔丰,2015-12-01,0.01
苹果,2016-01-01,29.37
三星,2016-01-01,13.47
小米,2016-01-01,10.36
华为,2016-01-01,8.46
OPPO,2016-01-01,4.7
vivo,2016-01-01,4.38
联想,2016-01-01,2.79
酷派,2016-01-01,2.27
魅族,2016-01-01,2.19
金立,2016-01-01,1.26
索尼,2016-01-01,0.8
HTC,2016-01-01,0.77
LG,2016-01-01,0.76
中兴,2016-01-01,0.74
乐视,2016-01-01,0.55
摩托罗拉,2016-01-01,0.55
Micromax,2016-01-01,0.53
海信,2016-01-01,0.32
天语,2016-01-01,0.28
TCL,2016-01-01,0.27
华硕,2016-01-01,0.25
努比亚,2016-01-01,0.19
中国移动,2016-01-01,0.18
朵唯,2016-01-01,0.17
天猫,2016-01-01,0.17
语信,2016-01-01,0.16
锤子,2016-01-01,0.14
步步高,2016-01-01,0.14
创维,2016-01-01,0.13
LAVA,2016-01-01,0.11
一加,2016-01-01,0.11
诺基亚,2016-01-01,0.1
康佳,2016-01-01,0.08
长虹,2016-01-01,0.08
德卡诺,2016-01-01,0.07
Intex,2016-01-01,0.07
波导,2016-01-01,0.07
酷比,2016-01-01,0.06
海尔,2016-01-01,0.06
美图,2016-01-01,0.06
酷珀,2016-01-01,0.06
领歌,2016-01-01,0.05
迪优美特,2016-01-01,0.05
百立丰,2016-01-01,0.05
奇酷,2016-01-01,0.05
至尊宝,2016-01-01,0.04
阿尔卡特,2016-01-01,0.04
维图,2016-01-01,0.04
亿通,2016-01-01,0.04
Azumi,2016-01-01,0.04
邦华,2016-01-01,0.04
QMobile,2016-01-01,0.03
领英,2016-01-01,0.03
松下,2016-01-01,0.03
艾优尼,2016-01-01,0.03
天敏,2016-01-01,0.03
英菲克,2016-01-01,0.03
贝尔丰,2016-01-01,0.03
读书郎,2016-01-01,0.03
Advan,2016-01-01,0.03
基伍,2016-01-01,0.03
欧奇,2016-01-01,0.02
ZUK,2016-01-01,0.02
欧博信,2016-01-01,0.02
Omate,2016-01-01,0.02
Lovme,2016-01-01,0.02
鲜米,2016-01-01,0.02
全志,2016-01-01,0.02
Bmobile,2016-01-01,0.02
酷比魔方,2016-01-01,0.02
CherryMobile,2016-01-01,0.02
XOLO,2016-01-01,0.02
Innjoo,2016-01-01,0.02
斐讯,2016-01-01,0.02
大麦盒子,2016-01-01,0.02
闻泰,2016-01-01,0.02
锋影,2016-01-01,0.02
昂达,2016-01-01,0.02
MBX,2016-01-01,0.02
优米,2016-01-01,0.02
谷歌,2016-01-01,0.02
诺亚信,2016-01-01,0.02
富可视,2016-01-01,0.02
唯米,2016-01-01,0.01
泰捷,2016-01-01,0.01
聆韵,2016-01-01,0.01
沃普丰,2016-01-01,0.01
乡米,2016-01-01,0.01
英特尔,2016-01-01,0.01
台电,2016-01-01,0.01
PPTV,2016-01-01,0.01
亚马逊,2016-01-01,0.01
E派,2016-01-01,0.01
忆典,2016-01-01,0.01
金星数码,2016-01-01,0.01
爱迪生,2016-01-01,0.01
白米,2016-01-01,0.01
青橙,2016-01-01,0.01
Karbonn,2016-01-01,0.01
京瓷,2016-01-01,0.01
苹果,2016-02-01,27.03
三星,2016-02-01,13.94
小米,2016-02-01,11.06
华为,2016-02-01,8.66
OPPO,2016-02-01,4.86
vivo,2016-02-01,4.71
联想,2016-02-01,2.85
魅族,2016-02-01,2.37
酷派,2016-02-01,2.17
金立,2016-02-01,1.39
HTC,2016-02-01,1.03
索尼,2016-02-01,0.93
中兴,2016-02-01,0.88
LG,2016-02-01,0.66
摩托罗拉,2016-02-01,0.66
乐视,2016-02-01,0.56
Micromax,2016-02-01,0.54
海信,2016-02-01,0.29
TCL,2016-02-01,0.29
天语,2016-02-01,0.28
一加,2016-02-01,0.26
华硕,2016-02-01,0.25
语信,2016-02-01,0.2
中国移动,2016-02-01,0.19
努比亚,2016-02-01,0.19
锤子,2016-02-01,0.16
朵唯,2016-02-01,0.15
创维,2016-02-01,0.14
诺基亚,2016-02-01,0.12
步步高,2016-02-01,0.12
天猫,2016-02-01,0.12
LAVA,2016-02-01,0.1
德卡诺,2016-02-01,0.09
长虹,2016-02-01,0.08
美图,2016-02-01,0.08
酷比,2016-02-01,0.07
康佳,2016-02-01,0.07
Intex,2016-02-01,0.07
波导,2016-02-01,0.06
酷珀,2016-02-01,0.06
百立丰,2016-02-01,0.06
海尔,2016-02-01,0.06
迪优美特,2016-02-01,0.05
奇酷,2016-02-01,0.05
基伍,2016-02-01,0.05
贝尔丰,2016-02-01,0.04
亿通,2016-02-01,0.04
维图,2016-02-01,0.04
阿尔卡特,2016-02-01,0.04
邦华,2016-02-01,0.04
领歌,2016-02-01,0.03
英菲克,2016-02-01,0.03
QMobile,2016-02-01,0.03
至尊宝,2016-02-01,0.03
Omate,2016-02-01,0.03
Innjoo,2016-02-01,0.02
Azumi,2016-02-01,0.02
沃普丰,2016-02-01,0.02
MBX,2016-02-01,0.02
欧博信,2016-02-01,0.02
XOLO,2016-02-01,0.02
天敏,2016-02-01,0.02
大麦盒子,2016-02-01,0.02
谷歌,2016-02-01,0.02
Lovme,2016-02-01,0.02
诺亚信,2016-02-01,0.02
昂达,2016-02-01,0.02
富可视,2016-02-01,0.02
白米,2016-02-01,0.02
优米,2016-02-01,0.02
Advan,2016-02-01,0.02
欧奇,2016-02-01,0.02
松下,2016-02-01,0.02
闻泰,2016-02-01,0.02
读书郎,2016-02-01,0.02
爱迪生,2016-02-01,0.02
酷比魔方,2016-02-01,0.02
戴尔,2016-02-01,0.02
锋影,2016-02-01,0.02
斐讯,2016-02-01,0.02
全志,2016-02-01,0.01
本为,2016-02-01,0.01
CherryMobile,2016-02-01,0.01
唯米,2016-02-01,0.01
纽曼,2016-02-01,0.01
PPTV,2016-02-01,0.01
普耐尔,2016-02-01,0.01
亚马逊,2016-02-01,0.01
聆韵,2016-02-01,0.01
领英,2016-02-01,0.01
唯比,2016-02-01,0.01
泰捷,2016-02-01,0.01
E派,2016-02-01,0.01
艾优尼,2016-02-01,0.01
乡米,2016-02-01,0.01
鲜米,2016-02-01,0.01
Karbonn,2016-02-01,0.01
ZUK,2016-02-01,0.01
台电,2016-02-01,0.01
Bmobile,2016-02-01,0.01
苹果,2016-03-01,29.58
三星,2016-03-01,12.74
小米,2016-03-01,9.49
华为,2016-03-01,9.18
OPPO,2016-03-01,5.3
vivo,2016-03-01,4.86
联想,2016-03-01,2.54
魅族,2016-03-01,2.3
酷派,2016-03-01,2.08
金立,2016-03-01,1.35
HTC,2016-03-01,0.85
中兴,2016-03-01,0.79
索尼,2016-03-01,0.77
乐视,2016-03-01,0.6
摩托罗拉,2016-03-01,0.57
Micromax,2016-03-01,0.51
LG,2016-03-01,0.49
一加,2016-03-01,0.31
天语,2016-03-01,0.28
海信,2016-03-01,0.27
TCL,2016-03-01,0.24
华硕,2016-03-01,0.23
语信,2016-03-01,0.22
努比亚,2016-03-01,0.21
中国移动,2016-03-01,0.18
锤子,2016-03-01,0.16
朵唯,2016-03-01,0.15
步步高,2016-03-01,0.12
创维,2016-03-01,0.09
诺基亚,2016-03-01,0.09
长虹,2016-03-01,0.09
德卡诺,2016-03-01,0.08
天猫,2016-03-01,0.08
美图,2016-03-01,0.07
三星,2016-03-01,0.07
酷比,2016-03-01,0.06
酷珀,2016-03-01,0.06
波导,2016-03-01,0.06
LAVA,2016-03-01,0.06
Intex,2016-03-01,0.06
百立丰,2016-03-01,0.05
康佳,2016-03-01,0.05
海尔,2016-03-01,0.05
维图,2016-03-01,0.05
基伍,2016-03-01,0.05
索尼,2016-03-01,0.05
至尊宝,2016-03-01,0.04
索尼,2016-03-01,0.04
阿尔卡特,2016-03-01,0.04
奇酷,2016-03-01,0.04
贝尔丰,2016-03-01,0.04
亿通,2016-03-01,0.03
LAVA,2016-03-01,0.03
迪优美特,2016-03-01,0.03
QMobile,2016-03-01,0.03
邦华,2016-03-01,0.03
Innjoo,2016-03-01,0.02
XOLO,2016-03-01,0.02
天敏,2016-03-01,0.02
Infinix,2016-03-01,0.02
爱迪生,2016-03-01,0.02
闻泰,2016-03-01,0.02
沃普丰,2016-03-01,0.02
欧奇,2016-03-01,0.02
华为,2016-03-01,0.02
Karbonn,2016-03-01,0.02
谷歌,2016-03-01,0.02
昂达,2016-03-01,0.02
大麦盒子,2016-03-01,0.02
PPTV,2016-03-01,0.02
Advan,2016-03-01,0.02
英菲克,2016-03-01,0.02
艾优尼,2016-03-01,0.02
ZUK,2016-03-01,0.02
Lovme,2016-03-01,0.02
富可视,2016-03-01,0.02
优米,2016-03-01,0.02
锋影,2016-03-01,0.02
朵唯,2016-03-01,0.02
松下,2016-03-01,0.02
斐讯,2016-03-01,0.02
读书郎,2016-03-01,0.02
诺亚信,2016-03-01,0.02
天猫,2016-03-01,0.02
领歌,2016-03-01,0.02
酷乐视,2016-03-01,0.01
Azumi,2016-03-01,0.01
泰捷,2016-03-01,0.01
欧博信,2016-03-01,0.01
亚马逊,2016-03-01,0.01
领歌,2016-03-01,0.01
乡米,2016-03-01,0.01
Bmobile,2016-03-01,0.01
奇酷,2016-03-01,0.01
全志,2016-03-01,0.01
酷比魔方,2016-03-01,0.01
聆韵,2016-03-01,0.01
MBX,2016-03-01,0.01
Omate,2016-03-01,0.01
白米,2016-03-01,0.01
苹果,2016-04-01,26.55
三星,2016-04-01,11.65
小米,2016-04-01,11.11
华为,2016-04-01,10.11
OPPO,2016-04-01,5.98
vivo,2016-04-01,5.5
魅族,2016-04-01,2.6
联想,2016-04-01,2.49
酷派,2016-04-01,2.2
金立,2016-04-01,1.41
乐视,2016-04-01,0.83
中兴,2016-04-01,0.79
HTC,2016-04-01,0.71
索尼,2016-04-01,0.65
一加,2016-04-01,0.46
Micromax,2016-04-01,0.45
LG,2016-04-01,0.35
摩托罗拉,2016-04-01,0.34
海信,2016-04-01,0.3
天语,2016-04-01,0.26
TCL,2016-04-01,0.25
语信,2016-04-01,0.24
中国移动,2016-04-01,0.23
努比亚,2016-04-01,0.21
锤子,2016-04-01,0.18
华硕,2016-04-01,0.17
朵唯,2016-04-01,0.16
步步高,2016-04-01,0.16
创维,2016-04-01,0.11
美图,2016-04-01,0.1
长虹,2016-04-01,0.09
天猫,2016-04-01,0.09
诺基亚,2016-04-01,0.09
酷比,2016-04-01,0.08
百立丰,2016-04-01,0.08
奇酷,2016-04-01,0.07
酷珀,2016-04-01,0.07
Intex,2016-04-01,0.06
LAVA,2016-04-01,0.06
波导,2016-04-01,0.06
康佳,2016-04-01,0.06
贝尔丰,2016-04-01,0.05
天猫,2016-04-01,0.05
海尔,2016-04-01,0.05
三星,2016-04-01,0.05
维图,2016-04-01,0.05
基伍,2016-04-01,0.04
邦华,2016-04-01,0.04
亿通,2016-04-01,0.04
德卡诺,2016-04-01,0.04
至尊宝,2016-04-01,0.04
LAVA,2016-04-01,0.03
索尼,2016-04-01,0.03
谷歌,2016-04-01,0.03
迪优美特,2016-04-01,0.03
索尼,2016-04-01,0.03
松下,2016-04-01,0.03
英菲克,2016-04-01,0.03
优米,2016-04-01,0.02
MBX,2016-04-01,0.02
阿尔卡特,2016-04-01,0.02
白米,2016-04-01,0.02
聆韵,2016-04-01,0.02
欧奇,2016-04-01,0.02
酷比魔方,2016-04-01,0.02
昂达,2016-04-01,0.02
富可视,2016-04-01,0.02
Innjoo,2016-04-01,0.02
天敏,2016-04-01,0.02
英特尔,2016-04-01,0.02
Advan,2016-04-01,0.02
华为,2016-04-01,0.02
QMobile,2016-04-01,0.02
大麦盒子,2016-04-01,0.02
朵唯,2016-04-01,0.02
诺亚信,2016-04-01,0.02
Karbonn,2016-04-01,0.02
读书郎,2016-04-01,0.02
Lovme,2016-04-01,0.02
奇酷,2016-04-01,0.02
领歌,2016-04-01,0.02
斐讯,2016-04-01,0.02
ZUK,2016-04-01,0.02
全志,2016-04-01,0.02
纽曼,2016-04-01,0.01
优购,2016-04-01,0.01
安博盒子,2016-04-01,0.01
泰捷,2016-04-01,0.01
酷乐视,2016-04-01,0.01
金星数码,2016-04-01,0.01
唯米,2016-04-01,0.01
艾优尼,2016-04-01,0.01
闻泰,2016-04-01,0.01
智镁,2016-04-01,0.01
XOLO,2016-04-01,0.01
锋影,2016-04-01,0.01
PPTV,2016-04-01,0.01
爱迪生,2016-04-01,0.01
爱派尔,2016-04-01,0.01
欧博信,2016-04-01,0.01
苹果,2016-05-01,29.87
小米,2016-05-01,11.15
三星,2016-05-01,10.08
华为,2016-05-01,9.62
OPPO,2016-05-01,6.0
vivo,2016-05-01,5.4
魅族,2016-05-01,2.5
联想,2016-05-01,2.23
酷派,2016-05-01,2.08
金立,2016-05-01,1.39
乐视,2016-05-01,0.96
中兴,2016-05-01,0.71
HTC,2016-05-01,0.63
一加,2016-05-01,0.51
索尼,2016-05-01,0.44
摩托罗拉,2016-05-01,0.38
Micromax,2016-05-01,0.37
海信,2016-05-01,0.32
LG,2016-05-01,0.29
TCL,2016-05-01,0.25
语信,2016-05-01,0.23
天语,2016-05-01,0.22
中国移动,2016-05-01,0.2
努比亚,2016-05-01,0.19
锤子,2016-05-01,0.16
朵唯,2016-05-01,0.15
华硕,2016-05-01,0.14
步步高,2016-05-01,0.14
天猫,2016-05-01,0.11
创维,2016-05-01,0.1
长虹,2016-05-01,0.1
美图,2016-05-01,0.09
百立丰,2016-05-01,0.08
酷比,2016-05-01,0.08
酷珀,2016-05-01,0.08
诺基亚,2016-05-01,0.07
奇酷,2016-05-01,0.07
贝尔丰,2016-05-01,0.07
康佳,2016-05-01,0.06
海尔,2016-05-01,0.05
LAVA,2016-05-01,0.05
三星,2016-05-01,0.05
波导,2016-05-01,0.05
维图,2016-05-01,0.04
基伍,2016-05-01,0.04
至尊宝,2016-05-01,0.04
Intex,2016-05-01,0.04
Karbonn,2016-05-01,0.04
邦华,2016-05-01,0.04
德卡诺,2016-05-01,0.03
英菲克,2016-05-01,0.03
迪优美特,2016-05-01,0.03
索尼,2016-05-01,0.03
PPTV,2016-05-01,0.03
天猫,2016-05-01,0.03
欧沃,2016-05-01,0.03
亿通,2016-05-01,0.03
诺亚信,2016-05-01,0.03
聆韵,2016-05-01,0.02
MBX,2016-05-01,0.02
富可视,2016-05-01,0.02
欧奇,2016-05-01,0.02
爱迪生,2016-05-01,0.02
谷歌,2016-05-01,0.02
松下,2016-05-01,0.02
奇酷,2016-05-01,0.02
QMobile,2016-05-01,0.02
阿尔卡特,2016-05-01,0.02
优米,2016-05-01,0.02
Innjoo,2016-05-01,0.02
领歌,2016-05-01,0.02
朵唯,2016-05-01,0.02
读书郎,2016-05-01,0.02
LAVA,2016-05-01,0.02
索尼,2016-05-01,0.02
领歌,2016-05-01,0.02
Lovme,2016-05-01,0.02
ZUK,2016-05-01,0.02
天敏,2016-05-01,0.02
斐讯,2016-05-01,0.02
大麦盒子,2016-05-01,0.02
全志,2016-05-01,0.02
白米,2016-05-01,0.02
世纪天元,2016-05-01,0.02
首云,2016-05-01,0.01
语信,2016-05-01,0.01
百立丰,2016-05-01,0.01
Azumi,2016-05-01,0.01
欧博信,2016-05-01,0.01
锋影,2016-05-01,0.01
安博盒子,2016-05-01,0.01
闻泰,2016-05-01,0.01
XOLO,2016-05-01,0.01
唯米,2016-05-01,0.01
艾优尼,2016-05-01,0.01
酷比魔方,2016-05-01,0.01
昂达,2016-05-01,0.01
泰捷,2016-05-01,0.01
Advan,2016-05-01,0.01
纽曼,2016-05-01,0.01
苹果,2016-06-01,29.13
小米,2016-06-01,10.32
华为,2016-06-01,10.14
三星,2016-06-01,9.54
OPPO,2016-06-01,6.45
vivo,2016-06-01,5.52
魅族,2016-06-01,2.48
联想,2016-06-01,2.36
酷派,2016-06-01,2.16
金立,2016-06-01,1.53
乐视,2016-06-01,1.1
中兴,2016-06-01,0.73
HTC,2016-06-01,0.56
一加,2016-06-01,0.51
索尼,2016-06-01,0.41
Micromax,2016-06-01,0.35
海信,2016-06-01,0.34
语信,2016-06-01,0.24
TCL,2016-06-01,0.23
努比亚,2016-06-01,0.21
天语,2016-06-01,0.21
中国移动,2016-06-01,0.21
摩托罗拉,2016-06-01,0.2
LG,2016-06-01,0.18
锤子,2016-06-01,0.17
朵唯,2016-06-01,0.16
步步高,2016-06-01,0.14
长虹,2016-06-01,0.14
百立丰,2016-06-01,0.12
天猫,2016-06-01,0.12
酷比,2016-06-01,0.1
华硕,2016-06-01,0.1
奇酷,2016-06-01,0.1
酷珀,2016-06-01,0.1
美图,2016-06-01,0.09
创维,2016-06-01,0.09
康佳,2016-06-01,0.07
贝尔丰,2016-06-01,0.07
LAVA,2016-06-01,0.07
诺基亚,2016-06-01,0.06
碟米,2016-06-01,0.05
亿通,2016-06-01,0.05
海尔,2016-06-01,0.05
德卡诺,2016-06-01,0.04
Intex,2016-06-01,0.04
索尼,2016-06-01,0.04
诺亚信,2016-06-01,0.04
基伍,2016-06-01,0.04
维图,2016-06-01,0.04
波导,2016-06-01,0.04
至尊宝,2016-06-01,0.04
三星,2016-06-01,0.04
天猫,2016-06-01,0.04
欧博信,2016-06-01,0.03
读书郎,2016-06-01,0.03
领歌,2016-06-01,0.03
QMobile,2016-06-01,0.03
索尼,2016-06-01,0.03
白米,2016-06-01,0.03
邦华,2016-06-01,0.03
语信,2016-06-01,0.02
亚马逊,2016-06-01,0.02
优米,2016-06-01,0.02
朵唯,2016-06-01,0.02
奇酷,2016-06-01,0.02
聆韵,2016-06-01,0.02
泰捷,2016-06-01,0.02
松下,2016-06-01,0.02
大麦盒子,2016-06-01,0.02
Lovme,2016-06-01,0.02
PPTV,2016-06-01,0.02
英菲克,2016-06-01,0.02
欧奇,2016-06-01,0.02
沃普丰,2016-06-01,0.02
斐讯,2016-06-01,0.02
迪优美特,2016-06-01,0.02
ZUK,2016-06-01,0.02
LAVA,2016-06-01,0.02
昂达,2016-06-01,0.01
Blackview,2016-06-01,0.01
谷歌,2016-06-01,0.01
天敏,2016-06-01,0.01
百立丰,2016-06-01,0.01
安卓,2016-06-01,0.01
唯米,2016-06-01,0.01
闻泰,2016-06-01,0.01
蓝魔,2016-06-01,0.01
阿尔卡特,2016-06-01,0.01
安博盒子,2016-06-01,0.01
Karbonn,2016-06-01,0.01
艾优尼,2016-06-01,0.01
富可视,2016-06-01,0.01
Advan,2016-06-01,0.01
Innjoo,2016-06-01,0.01
XOLO,2016-06-01,0.01
锋影,2016-06-01,0.01
MBX,2016-06-01,0.01
酷比魔方,2016-06-01,0.01
首云,2016-06-01,0.01
全志,2016-06-01,0.01
苹果,2016-07-01,29.11
华为,2016-07-01,10.37
小米,2016-07-01,10.16
三星,2016-07-01,8.83
OPPO,2016-07-01,6.02
vivo,2016-07-01,5.45
魅族,2016-07-01,2.2
联想,2016-07-01,2.09
酷派,2016-07-01,2.04
金立,2016-07-01,1.44
一加,2016-07-01,1.17
乐视,2016-07-01,1.17
中兴,2016-07-01,0.69
HTC,2016-07-01,0.51
索尼,2016-07-01,0.38
天语,2016-07-01,0.32
海信,2016-07-01,0.32
Micromax,2016-07-01,0.26
摩托罗拉,2016-07-01,0.24
中国移动,2016-07-01,0.23
语信,2016-07-01,0.21
TCL,2016-07-01,0.21
努比亚,2016-07-01,0.19
LG,2016-07-01,0.18
朵唯,2016-07-01,0.16
长虹,2016-07-01,0.15
步步高,2016-07-01,0.15
锤子,2016-07-01,0.15
华硕,2016-07-01,0.13
天猫,2016-07-01,0.12
奇酷,2016-07-01,0.12
创维,2016-07-01,0.11
百立丰,2016-07-01,0.11
酷珀,2016-07-01,0.1
美图,2016-07-01,0.09
酷比,2016-07-01,0.08
贝尔丰,2016-07-01,0.08
康佳,2016-07-01,0.07
诺基亚,2016-07-01,0.06
维图,2016-07-01,0.05
波导,2016-07-01,0.05
海尔,2016-07-01,0.05
诺亚信,2016-07-01,0.05
天猫,2016-07-01,0.05
至尊宝,2016-07-01,0.04
三星,2016-07-01,0.04
邦华,2016-07-01,0.04
奇酷,2016-07-01,0.03
ZUK,2016-07-01,0.03
领歌,2016-07-01,0.03
基伍,2016-07-01,0.03
亿通,2016-07-01,0.03
Intex,2016-07-01,0.03
泰捷,2016-07-01,0.02
迪优美特,2016-07-01,0.02
酷比魔方,2016-07-01,0.02
虾米,2016-07-01,0.02
海美迪,2016-07-01,0.02
聆韵,2016-07-01,0.02
锋影,2016-07-01,0.02
Lovme,2016-07-01,0.02
优米,2016-07-01,0.02
全志,2016-07-01,0.02
大麦盒子,2016-07-01,0.02
索尼,2016-07-01,0.02
索尼,2016-07-01,0.02
德卡诺,2016-07-01,0.02
英菲克,2016-07-01,0.02
LAVA,2016-07-01,0.02
语信,2016-07-01,0.02
昂达,2016-07-01,0.02
PPTV,2016-07-01,0.02
读书郎,2016-07-01,0.02
斐讯,2016-07-01,0.02
欧奇,2016-07-01,0.02
百立丰,2016-07-01,0.01
首云,2016-07-01,0.01
忆典,2016-07-01,0.01
亚马逊,2016-07-01,0.01
艾优尼,2016-07-01,0.01
富可视,2016-07-01,0.01
华为,2016-07-01,0.01
蓝魔,2016-07-01,0.01
Karbonn,2016-07-01,0.01
松下,2016-07-01,0.01
欧沃,2016-07-01,0.01
康柏,2016-07-01,0.01
唯米,2016-07-01,0.01
Innjoo,2016-07-01,0.01
欧博信,2016-07-01,0.01
Advan,2016-07-01,0.01
诺迅,2016-07-01,0.01
台电,2016-07-01,0.01
谷歌,2016-07-01,0.01
朵唯,2016-07-01,0.01
天敏,2016-07-01,0.01
MBX,2016-07-01,0.01
金立,2016-07-01,0.01
白米,2016-07-01,0.01
LAVA,2016-07-01,0.01
苹果,2016-08-01,28.11
华为,2016-08-01,10.81
小米,2016-08-01,10.53
三星,2016-08-01,8.08
OPPO,2016-08-01,5.98
vivo,2016-08-01,5.15
一加,2016-08-01,2.27
魅族,2016-08-01,2.04
联想,2016-08-01,1.83
酷派,2016-08-01,1.8
金立,2016-08-01,1.28
乐视,2016-08-01,1.16
中兴,2016-08-01,0.64
HTC,2016-08-01,0.45
海信,2016-08-01,0.32
索尼,2016-08-01,0.28
Micromax,2016-08-01,0.24
TCL,2016-08-01,0.22
语信,2016-08-01,0.21
摩托罗拉,2016-08-01,0.2
天语,2016-08-01,0.19
中国移动,2016-08-01,0.18
努比亚,2016-08-01,0.16
LG,2016-08-01,0.16
朵唯,2016-08-01,0.15
步步高,2016-08-01,0.15
百立丰,2016-08-01,0.14
奇酷,2016-08-01,0.14
锤子,2016-08-01,0.13
天猫,2016-08-01,0.12
长虹,2016-08-01,0.12
创维,2016-08-01,0.11
康佳,2016-08-01,0.1
美图,2016-08-01,0.1
华硕,2016-08-01,0.09
酷珀,2016-08-01,0.09
领歌,2016-08-01,0.08
酷比,2016-08-01,0.07
至尊宝,2016-08-01,0.06
诺基亚,2016-08-01,0.05
天猫,2016-08-01,0.05
贝尔丰,2016-08-01,0.05
ZUK,2016-08-01,0.04
波导,2016-08-01,0.04
诺亚信,2016-08-01,0.04
维图,2016-08-01,0.04
语信,2016-08-01,0.04
海尔,2016-08-01,0.04
索尼,2016-08-01,0.03
领歌,2016-08-01,0.03
夏新,2016-08-01,0.03
Intex,2016-08-01,0.03
亿通,2016-08-01,0.03
三星,2016-08-01,0.03
世纪天元,2016-08-01,0.03
唯比,2016-08-01,0.02
Lovme,2016-08-01,0.02
PPTV,2016-08-01,0.02
LAVA,2016-08-01,0.02
聆韵,2016-08-01,0.02
台电,2016-08-01,0.02
读书郎,2016-08-01,0.02
Innjoo,2016-08-01,0.02
LAVA,2016-08-01,0.02
斐讯,2016-08-01,0.02
全志,2016-08-01,0.02
戴尔,2016-08-01,0.02
首云,2016-08-01,0.02
基伍,2016-08-01,0.02
索尼,2016-08-01,0.02
锋影,2016-08-01,0.02
英菲克,2016-08-01,0.02
德卡诺,2016-08-01,0.02
金立,2016-08-01,0.02
邦华,2016-08-01,0.02
唯米,2016-08-01,0.01
拓百纳,2016-08-01,0.01
优米,2016-08-01,0.01
泰捷,2016-08-01,0.01
Advan,2016-08-01,0.01
富可视,2016-08-01,0.01
纽曼,2016-08-01,0.01
欧沃,2016-08-01,0.01
Karbonn,2016-08-01,0.01
艾优尼,2016-08-01,0.01
松下,2016-08-01,0.01
尼比鲁,2016-08-01,0.01
迪优美特,2016-08-01,0.01
百立丰,2016-08-01,0.01
Blackview,2016-08-01,0.01
昂达,2016-08-01,0.01
天敏,2016-08-01,0.01
谷歌,2016-08-01,0.01
白米,2016-08-01,0.01
MBX,2016-08-01,0.01
欧奇,2016-08-01,0.01
酷比魔方,2016-08-01,0.01
奇酷,2016-08-01,0.01
大麦盒子,2016-08-01,0.01
朵唯,2016-08-01,0.01
苹果,2016-09-01,30.47
华为,2016-09-01,10.82
小米,2016-09-01,10.13
三星,2016-09-01,8.46
OPPO,2016-09-01,6.76
vivo,2016-09-01,5.61
魅族,2016-09-01,2.35
酷派,2016-09-01,1.82
联想,2016-09-01,1.76
金立,2016-09-01,1.38
乐视,2016-09-01,1.37
一加,2016-09-01,0.8
中兴,2016-09-01,0.69
HTC,2016-09-01,0.46
海信,2016-09-01,0.34
语信,2016-09-01,0.27
索尼,2016-09-01,0.26
TCL,2016-09-01,0.24
努比亚,2016-09-01,0.22
Micromax,2016-09-01,0.22
奇酷,2016-09-01,0.19
摩托罗拉,2016-09-01,0.19
天语,2016-09-01,0.19
中国移动,2016-09-01,0.19
LG,2016-09-01,0.17
步步高,2016-09-01,0.16
康佳,2016-09-01,0.16
朵唯,2016-09-01,0.14
锤子,2016-09-01,0.14
长虹,2016-09-01,0.14
天猫,2016-09-01,0.12
百立丰,2016-09-01,0.12
诺基亚,2016-09-01,0.11
创维,2016-09-01,0.1
美图,2016-09-01,0.1
酷珀,2016-09-01,0.1
华硕,2016-09-01,0.09
贝尔丰,2016-09-01,0.08
酷比,2016-09-01,0.07
Intex,2016-09-01,0.07
诺亚信,2016-09-01,0.07
亿通,2016-09-01,0.07
天猫,2016-09-01,0.05
至尊宝,2016-09-01,0.05
金立,2016-09-01,0.04
海尔,2016-09-01,0.04
三星,2016-09-01,0.04
索尼,2016-09-01,0.04
语信,2016-09-01,0.04
维图,2016-09-01,0.03
基伍,2016-09-01,0.03
LAVA,2016-09-01,0.03
读书郎,2016-09-01,0.03
PPTV,2016-09-01,0.03
ZUK,2016-09-01,0.03
波导,2016-09-01,0.03
Blackview,2016-09-01,0.02
锋影,2016-09-01,0.02
Karbonn,2016-09-01,0.02
斐讯,2016-09-01,0.02
大麦盒子,2016-09-01,0.02
德卡诺,2016-09-01,0.02
全志,2016-09-01,0.02
奇酷,2016-09-01,0.02
英菲克,2016-09-01,0.02
邦华,2016-09-01,0.02
领歌,2016-09-01,0.02
领歌,2016-09-01,0.01
松下,2016-09-01,0.01
朵唯,2016-09-01,0.01
百立丰,2016-09-01,0.01
亚马逊,2016-09-01,0.01
蓝魔,2016-09-01,0.01
白米,2016-09-01,0.01
富可视,2016-09-01,0.01
首云,2016-09-01,0.01
酷乐视,2016-09-01,0.01
LAVA,2016-09-01,0.01
安博盒子,2016-09-01,0.01
艾优尼,2016-09-01,0.01
大显,2016-09-01,0.01
迪优美特,2016-09-01,0.01
拓百纳,2016-09-01,0.01
昂达,2016-09-01,0.01
聆韵,2016-09-01,0.01
MBX,2016-09-01,0.01
谷歌,2016-09-01,0.01
Innjoo,2016-09-01,0.01
索尼,2016-09-01,0.01
Lovme,2016-09-01,0.01
欧奇,2016-09-01,0.01
唯米,2016-09-01,0.01
优米,2016-09-01,0.01
康柏,2016-09-01,0.01
天敏,2016-09-01,0.01
酷比魔方,2016-09-01,0.01
泰捷,2016-09-01,0.01
E人E本,2016-09-01,0.01
欧沃,2016-09-01,0.01
Advan,2016-09-01,0.01
苹果,2016-10-01,27.72
华为,2016-10-01,11.36
小米,2016-10-01,10.62
三星,2016-10-01,8.08
OPPO,2016-10-01,6.99
vivo,2016-10-01,6.08
魅族,2016-10-01,2.39
酷派,2016-10-01,1.8
联想,2016-10-01,1.67
乐视,2016-10-01,1.43
一加,2016-10-01,1.42
金立,2016-10-01,1.27
中兴,2016-10-01,0.69
海信,2016-10-01,0.45
HTC,2016-10-01,0.35
语信,2016-10-01,0.3
索尼,2016-10-01,0.26
摩托罗拉,2016-10-01,0.23
奇酷,2016-10-01,0.22
康佳,2016-10-01,0.22
努比亚,2016-10-01,0.2
中国移动,2016-10-01,0.19
步步高,2016-10-01,0.19
TCL,2016-10-01,0.18
锤子,2016-10-01,0.17
创维,2016-10-01,0.17
长虹,2016-10-01,0.17
Micromax,2016-10-01,0.16
朵唯,2016-10-01,0.16
天语,2016-10-01,0.15
百立丰,2016-10-01,0.13
LG,2016-10-01,0.13
天猫,2016-10-01,0.13
美图,2016-10-01,0.11
酷珀,2016-10-01,0.08
华硕,2016-10-01,0.08
金立,2016-10-01,0.07
酷比,2016-10-01,0.06
诺亚信,2016-10-01,0.06
天猫,2016-10-01,0.05
贝尔丰,2016-10-01,0.05
ZUK,2016-10-01,0.05
诺基亚,2016-10-01,0.04
海尔,2016-10-01,0.04
三星,2016-10-01,0.04
至尊宝,2016-10-01,0.04
亿通,2016-10-01,0.03
语信,2016-10-01,0.03
读书郎,2016-10-01,0.03
波导,2016-10-01,0.03
维图,2016-10-01,0.03
邦华,2016-10-01,0.03
领歌,2016-10-01,0.02
本为,2016-10-01,0.02
Innjoo,2016-10-01,0.02
斐讯,2016-10-01,0.02
奇酷,2016-10-01,0.02
Blackview,2016-10-01,0.02
Intex,2016-10-01,0.02
基伍,2016-10-01,0.02
赛博宇华,2016-10-01,0.02
全志,2016-10-01,0.02
英菲克,2016-10-01,0.02
昂达,2016-10-01,0.02
PPTV,2016-10-01,0.02
Karbonn,2016-10-01,0.01
天敏,2016-10-01,0.01
帷幄,2016-10-01,0.01
尼比鲁,2016-10-01,0.01
唯米,2016-10-01,0.01
Advan,2016-10-01,0.01
康柏,2016-10-01,0.01
酷比魔方,2016-10-01,0.01
百立丰,2016-10-01,0.01
亿格瑞,2016-10-01,0.01
SUGAR,2016-10-01,0.01
蓝魔,2016-10-01,0.01
优米,2016-10-01,0.01
首云,2016-10-01,0.01
亚马逊,2016-10-01,0.01
富可视,2016-10-01,0.01
白米,2016-10-01,0.01
聆韵,2016-10-01,0.01
领歌,2016-10-01,0.01
大麦盒子,2016-10-01,0.01
锋影,2016-10-01,0.01
谷歌,2016-10-01,0.01
LAVA,2016-10-01,0.01
拓百纳,2016-10-01,0.01
青橙,2016-10-01,0.01
MBX,2016-10-01,0.01
E人E本,2016-10-01,0.01
索尼,2016-10-01,0.01
索尼,2016-10-01,0.01
Lovme,2016-10-01,0.01
德卡诺,2016-10-01,0.01
欧奇,2016-10-01,0.01
泰捷,2016-10-01,0.01
朵唯,2016-10-01,0.01
欧沃,2016-10-01,0.01
苹果,2016-11-01,29.96
华为,2016-11-01,11.56
小米,2016-11-01,9.95
三星,2016-11-01,7.43
OPPO,2016-11-01,7.05
vivo,2016-11-01,5.92
魅族,2016-11-01,2.28
酷派,2016-11-01,1.64
联想,2016-11-01,1.56
一加,2016-11-01,1.44
乐视,2016-11-01,1.41
金立,2016-11-01,1.22
中兴,2016-11-01,0.58
海信,2016-11-01,0.35
HTC,2016-11-01,0.32
奇酷,2016-11-01,0.24
摩托罗拉,2016-11-01,0.24
索尼,2016-11-01,0.24
语信,2016-11-01,0.24
努比亚,2016-11-01,0.2
康佳,2016-11-01,0.2
中国移动,2016-11-01,0.18
朵唯,2016-11-01,0.17
步步高,2016-11-01,0.17
TCL,2016-11-01,0.16
锤子,2016-11-01,0.15
长虹,2016-11-01,0.14
LG,2016-11-01,0.14
Micromax,2016-11-01,0.13
百立丰,2016-11-01,0.12
天语,2016-11-01,0.12
天猫,2016-11-01,0.12
酷珀,2016-11-01,0.1
美图,2016-11-01,0.1
创维,2016-11-01,0.1
华硕,2016-11-01,0.1
酷比,2016-11-01,0.09
金立,2016-11-01,0.08
天猫,2016-11-01,0.06
贝尔丰,2016-11-01,0.05
波导,2016-11-01,0.05
诺亚信,2016-11-01,0.05
ZUK,2016-11-01,0.04
诺基亚,2016-11-01,0.04
领歌,2016-11-01,0.03
维图,2016-11-01,0.03
全志,2016-11-01,0.03
语信,2016-11-01,0.03
至尊宝,2016-11-01,0.03
MBX,2016-11-01,0.03
英菲克,2016-11-01,0.03
海尔,2016-11-01,0.03
三星,2016-11-01,0.03
亿通,2016-11-01,0.03
Intex,2016-11-01,0.02
酷乐视,2016-11-01,0.02
奇酷,2016-11-01,0.02
基伍,2016-11-01,0.02
Lovme,2016-11-01,0.02
读书郎,2016-11-01,0.02
邦华,2016-11-01,0.02
PPTV,2016-11-01,0.02
德卡诺,2016-11-01,0.02
索尼,2016-11-01,0.02
Innjoo,2016-11-01,0.02
亚马逊,2016-11-01,0.02
Blackview,2016-11-01,0.02
康柏,2016-11-01,0.01
富可视,2016-11-01,0.01
酷比魔方,2016-11-01,0.01
百立丰,2016-11-01,0.01
安博盒子,2016-11-01,0.01
索尼,2016-11-01,0.01
沃普丰,2016-11-01,0.01
Advan,2016-11-01,0.01
领歌,2016-11-01,0.01
酷比,2016-11-01,0.01
首云,2016-11-01,0.01
忆典,2016-11-01,0.01
海美迪,2016-11-01,0.01
优米,2016-11-01,0.01
西门子,2016-11-01,0.01
奇酷,2016-11-01,0.01
Karbonn,2016-11-01,0.01
斐讯,2016-11-01,0.01
E人E本,2016-11-01,0.01
谷歌,2016-11-01,0.01
大麦盒子,2016-11-01,0.01
昂达,2016-11-01,0.01
LAVA,2016-11-01,0.01
欧沃,2016-11-01,0.01
聆韵,2016-11-01,0.01
艾优尼,2016-11-01,0.01
拓百纳,2016-11-01,0.01
天敏,2016-11-01,0.01
锋影,2016-11-01,0.01
唯米,2016-11-01,0.01
泰捷,2016-11-01,0.01
欧奇,2016-11-01,0.01
蓝魔,2016-11-01,0.01
苹果,2016-12-01,31.47
华为,2016-12-01,11.28
小米,2016-12-01,9.18
OPPO,2016-12-01,7.9
三星,2016-12-01,7.33
vivo,2016-12-01,6.72
魅族,2016-12-01,2.5
酷派,2016-12-01,1.69
乐视,2016-12-01,1.62
联想,2016-12-01,1.48
金立,2016-12-01,1.35
中兴,2016-12-01,0.67
海信,2016-12-01,0.36
奇酷,2016-12-01,0.35
HTC,2016-12-01,0.32
摩托罗拉,2016-12-01,0.28
语信,2016-12-01,0.27
康佳,2016-12-01,0.25
努比亚,2016-12-01,0.24
中国移动,2016-12-01,0.23
索尼,2016-12-01,0.23
步步高,2016-12-01,0.2
一加,2016-12-01,0.18
锤子,2016-12-01,0.17
长虹,2016-12-01,0.17
TCL,2016-12-01,0.17
LG,2016-12-01,0.16
朵唯,2016-12-01,0.15
百立丰,2016-12-01,0.13
天猫,2016-12-01,0.13
Micromax,2016-12-01,0.13
天语,2016-12-01,0.13
华硕,2016-12-01,0.12
美图,2016-12-01,0.12
创维,2016-12-01,0.11
金立,2016-12-01,0.1
酷珀,2016-12-01,0.09
天猫,2016-12-01,0.08
酷比,2016-12-01,0.07
贝尔丰,2016-12-01,0.05
诺亚信,2016-12-01,0.05
ZUK,2016-12-01,0.04
诺基亚,2016-12-01,0.04
三星,2016-12-01,0.04
波导,2016-12-01,0.03
索尼,2016-12-01,0.03
E人E本,2016-12-01,0.03
全志,2016-12-01,0.03
维图,2016-12-01,0.03
英菲克,2016-12-01,0.03
邦华,2016-12-01,0.03
海尔,2016-12-01,0.03
语信,2016-12-01,0.03
至尊宝,2016-12-01,0.03
斐讯,2016-12-01,0.02
读书郎,2016-12-01,0.02
谷歌,2016-12-01,0.02
锋影,2016-12-01,0.02
聆韵,2016-12-01,0.02
基伍,2016-12-01,0.02
奇酷,2016-12-01,0.02
PPTV,2016-12-01,0.02
亿通,2016-12-01,0.02
大麦盒子,2016-12-01,0.02
领歌,2016-12-01,0.02
Blackview,2016-12-01,0.02
Advan,2016-12-01,0.01
康柏,2016-12-01,0.01
百立丰,2016-12-01,0.01
酷比魔方,2016-12-01,0.01
昂达,2016-12-01,0.01
奇酷,2016-12-01,0.01
酷比,2016-12-01,0.01
欧奇,2016-12-01,0.01
蓝魔,2016-12-01,0.01
Karbonn,2016-12-01,0.01
忆典,2016-12-01,0.01
朵唯,2016-12-01,0.01
领歌,2016-12-01,0.01
首云,2016-12-01,0.01
酷乐视,2016-12-01,0.01
安博盒子,2016-12-01,0.01
戴尔,2016-12-01,0.01
欧沃,2016-12-01,0.01
海美迪,2016-12-01,0.01
Intex,2016-12-01,0.01
MBX,2016-12-01,0.01
德卡诺,2016-12-01,0.01
德赛,2016-12-01,0.01
天敏,2016-12-01,0.01
索尼,2016-12-01,0.01
泰捷,2016-12-01,0.01
诺迅,2016-12-01,0.01
Lovme,2016-12-01,0.01
唯米,2016-12-01,0.01
欧博信,2016-12-01,0.01
亚马逊,2016-12-01,0.01
LAVA,2016-12-01,0.01
拓百纳,2016-12-01,0.01
Innjoo,2016-12-01,0.01
苹果,2017-01-01,30.08
华为,2017-01-01,11.74
小米,2017-01-01,8.9
OPPO,2017-01-01,8.62
vivo,2017-01-01,7.41
三星,2017-01-01,6.95
魅族,2017-01-01,2.53
酷派,2017-01-01,1.58
乐视,2017-01-01,1.54
金立,2017-01-01,1.44
联想,2017-01-01,1.39
中兴,2017-01-01,0.7
海信,2017-01-01,0.41
奇酷,2017-01-01,0.36
语信,2017-01-01,0.29
HTC,2017-01-01,0.27
摩托罗拉,2017-01-01,0.26
索尼,2017-01-01,0.26
努比亚,2017-01-01,0.24
天猫,2017-01-01,0.24
康佳,2017-01-01,0.23
长虹,2017-01-01,0.21
步步高,2017-01-01,0.19
中国移动,2017-01-01,0.19
锤子,2017-01-01,0.17
TCL,2017-01-01,0.17
LG,2017-01-01,0.17
百立丰,2017-01-01,0.16
朵唯,2017-01-01,0.14
一加,2017-01-01,0.13
Micromax,2017-01-01,0.11
天语,2017-01-01,0.11
创维,2017-01-01,0.11
酷珀,2017-01-01,0.11
美图,2017-01-01,0.1
酷比,2017-01-01,0.09
华硕,2017-01-01,0.09
至尊宝,2017-01-01,0.05
诺亚信,2017-01-01,0.05
ZUK,2017-01-01,0.05
海尔,2017-01-01,0.05
贝尔丰,2017-01-01,0.04
亿通,2017-01-01,0.04
波导,2017-01-01,0.03
领歌,2017-01-01,0.03
英菲克,2017-01-01,0.03
PPTV,2017-01-01,0.03
诺基亚,2017-01-01,0.03
全志,2017-01-01,0.03
维图,2017-01-01,0.03
E人E本,2017-01-01,0.02
基伍,2017-01-01,0.02
斐讯,2017-01-01,0.02
SUGAR,2017-01-01,0.02
泰捷,2017-01-01,0.02
德卡诺,2017-01-01,0.02
天敏,2017-01-01,0.02
聆韵,2017-01-01,0.02
世纪天元,2017-01-01,0.02
读书郎,2017-01-01,0.02
大麦盒子,2017-01-01,0.02
邦华,2017-01-01,0.02
MBX,2017-01-01,0.02
谷歌,2017-01-01,0.02
Blackview,2017-01-01,0.02
锋影,2017-01-01,0.02
imoo,2017-01-01,0.01
Karbonn,2017-01-01,0.01
优米,2017-01-01,0.01
富可视,2017-01-01,0.01
安博盒子,2017-01-01,0.01
白米,2017-01-01,0.01
优购,2017-01-01,0.01
夏普,2017-01-01,0.01
极米,2017-01-01,0.01
台电,2017-01-01,0.01
忆典,2017-01-01,0.01
LAVA,2017-01-01,0.01
亿格瑞,2017-01-01,0.01
leimin,2017-01-01,0.01
迪优美特,2017-01-01,0.01
艾优尼,2017-01-01,0.01
Lovme,2017-01-01,0.01
唯米,2017-01-01,0.01
欧奇,2017-01-01,0.01
酷比魔方,2017-01-01,0.01
Intex,2017-01-01,0.01
蓝魔,2017-01-01,0.01
拓百纳,2017-01-01,0.01
亚马逊,2017-01-01,0.01
Innjoo,2017-01-01,0.01
首云,2017-01-01,0.01
康柏,2017-01-01,0.01
欧沃,2017-01-01,0.01
海美迪,2017-01-01,0.01
昂达,2017-01-01,0.01
诺迅,2017-01-01,0.01
酷乐视,2017-01-01,0.01
LAVA,2017-01-01,0.01
苹果,2017-02-01,30.04
华为,2017-02-01,11.83
OPPO,2017-02-01,9.27
小米,2017-02-01,8.63
vivo,2017-02-01,7.93
三星,2017-02-01,6.46
魅族,2017-02-01,2.48
酷派,2017-02-01,1.58
乐视,2017-02-01,1.55
金立,2017-02-01,1.48
联想,2017-02-01,1.25
中兴,2017-02-01,0.61
海信,2017-02-01,0.39
奇酷,2017-02-01,0.38
语信,2017-02-01,0.28
努比亚,2017-02-01,0.27
天猫,2017-02-01,0.25
索尼,2017-02-01,0.25
康佳,2017-02-01,0.22
摩托罗拉,2017-02-01,0.21
HTC,2017-02-01,0.21
步步高,2017-02-01,0.2
中国移动,2017-02-01,0.19
锤子,2017-02-01,0.17
长虹,2017-02-01,0.16
TCL,2017-02-01,0.16
百立丰,2017-02-01,0.16
一加,2017-02-01,0.15
朵唯,2017-02-01,0.14
LG,2017-02-01,0.11
Micromax,2017-02-01,0.1
美图,2017-02-01,0.1
酷珀,2017-02-01,0.1
创维,2017-02-01,0.09
天语,2017-02-01,0.09
华硕,2017-02-01,0.08
酷比,2017-02-01,0.07
诺亚信,2017-02-01,0.05
贝尔丰,2017-02-01,0.04
全志,2017-02-01,0.04
海尔,2017-02-01,0.04
ZUK,2017-02-01,0.04
领歌,2017-02-01,0.03
英菲克,2017-02-01,0.03
至尊宝,2017-02-01,0.03
诺基亚,2017-02-01,0.03
Blackview,2017-02-01,0.03
维图,2017-02-01,0.03
大麦盒子,2017-02-01,0.02
诺迅,2017-02-01,0.02
E人E本,2017-02-01,0.02
斐讯,2017-02-01,0.02
锋影,2017-02-01,0.02
谷歌,2017-02-01,0.02
亿通,2017-02-01,0.02
PPTV,2017-02-01,0.02
波导,2017-02-01,0.02
读书郎,2017-02-01,0.02
邦华,2017-02-01,0.02
LAVA,2017-02-01,0.01
闻泰,2017-02-01,0.01
首云,2017-02-01,0.01
欧奇,2017-02-01,0.01
安博盒子,2017-02-01,0.01
迪优美特,2017-02-01,0.01
赛博宇华,2017-02-01,0.01
夏普,2017-02-01,0.01
白米,2017-02-01,0.01
格力,2017-02-01,0.01
leimin,2017-02-01,0.01
极米,2017-02-01,0.01
富可视,2017-02-01,0.01
酷米,2017-02-01,0.01
Karbonn,2017-02-01,0.01
亿格瑞,2017-02-01,0.01
imobile,2017-02-01,0.01
台电,2017-02-01,0.01
艾优尼,2017-02-01,0.01
优米,2017-02-01,0.01
Innjoo,2017-02-01,0.01
德卡诺,2017-02-01,0.01
唯米,2017-02-01,0.01
天敏,2017-02-01,0.01
基伍,2017-02-01,0.01
聆韵,2017-02-01,0.01
MBX,2017-02-01,0.01
泰捷,2017-02-01,0.01
拓百纳,2017-02-01,0.01
欧沃,2017-02-01,0.01
亚马逊,2017-02-01,0.01
SUGAR,2017-02-01,0.01
酷比魔方,2017-02-01,0.01
Intex,2017-02-01,0.01
蓝魔,2017-02-01,0.01
康柏,2017-02-01,0.01
Lovme,2017-02-01,0.01
海美迪,2017-02-01,0.01
酷乐视,2017-02-01,0.01
昂达,2017-02-01,0.01
imoo,2017-02-01,0.01
苹果,2017-03-01,29.17
华为,2017-03-01,11.48
小米,2017-03-01,10.49
OPPO,2017-03-01,9.14
vivo,2017-03-01,7.78
三星,2017-03-01,6.13
魅族,2017-03-01,2.36
酷派,2017-03-01,1.55
乐视,2017-03-01,1.47
金立,2017-03-01,1.36
联想,2017-03-01,1.15
中兴,2017-03-01,0.59
奇酷,2017-03-01,0.4
海信,2017-03-01,0.37
语信,2017-03-01,0.28
天猫,2017-03-01,0.25
努比亚,2017-03-01,0.24
康佳,2017-03-01,0.23
摩托罗拉,2017-03-01,0.23
索尼,2017-03-01,0.22
HTC,2017-03-01,0.2
步步高,2017-03-01,0.18
锤子,2017-03-01,0.18
中国移动,2017-03-01,0.17
一加,2017-03-01,0.17
长虹,2017-03-01,0.14
百立丰,2017-03-01,0.14
LG,2017-03-01,0.13
朵唯,2017-03-01,0.13
TCL,2017-03-01,0.11
美图,2017-03-01,0.1
Micromax,2017-03-01,0.1
创维,2017-03-01,0.09
华硕,2017-03-01,0.09
酷珀,2017-03-01,0.09
天语,2017-03-01,0.08
酷比,2017-03-01,0.07
领歌,2017-03-01,0.05
ZUK,2017-03-01,0.04
英菲克,2017-03-01,0.04
诺亚信,2017-03-01,0.04
海尔,2017-03-01,0.04
至尊宝,2017-03-01,0.03
亿通,2017-03-01,0.03
维图,2017-03-01,0.03
全志,2017-03-01,0.03
贝尔丰,2017-03-01,0.03
Blackview,2017-03-01,0.03
诺基亚,2017-03-01,0.03
邦华,2017-03-01,0.02
海美迪,2017-03-01,0.02
谷歌,2017-03-01,0.02
读书郎,2017-03-01,0.02
大麦盒子,2017-03-01,0.02
泰捷,2017-03-01,0.02
PPTV,2017-03-01,0.02
波导,2017-03-01,0.02
E人E本,2017-03-01,0.02
诺迅,2017-03-01,0.01
优米,2017-03-01,0.01
Lovme,2017-03-01,0.01
Karbonn,2017-03-01,0.01
酷乐视,2017-03-01,0.01
酷比魔方,2017-03-01,0.01
西门子,2017-03-01,0.01
LAVA,2017-03-01,0.01
飞利浦,2017-03-01,0.01
极米,2017-03-01,0.01
首云,2017-03-01,0.01
格力,2017-03-01,0.01
夏普,2017-03-01,0.01
欧奇,2017-03-01,0.01
leimin,2017-03-01,0.01
富可视,2017-03-01,0.01
亿格瑞,2017-03-01,0.01
白米,2017-03-01,0.01
亚马逊,2017-03-01,0.01
天敏,2017-03-01,0.01
基伍,2017-03-01,0.01
德卡诺,2017-03-01,0.01
锋影,2017-03-01,0.01
MBX,2017-03-01,0.01
斐讯,2017-03-01,0.01
聆韵,2017-03-01,0.01
拓百纳,2017-03-01,0.01
唯米,2017-03-01,0.01
昂达,2017-03-01,0.01
康柏,2017-03-01,0.01
欧沃,2017-03-01,0.01
蓝魔,2017-03-01,0.01
Intex,2017-03-01,0.01
安博盒子,2017-03-01,0.01
Innjoo,2017-03-01,0.01
SUGAR,2017-03-01,0.01
imoo,2017-03-01,0.01
苹果,2017-04-01,32.14
小米,2017-04-01,16.4
华为,2017-04-01,11.64
OPPO,2017-04-01,9.99
vivo,2017-04-01,8.62
三星,2017-04-01,5.99
魅族,2017-04-01,2.39
乐视,2017-04-01,1.58
金立,2017-04-01,1.58
酷派,2017-04-01,1.34
联想,2017-04-01,1.08
中兴,2017-04-01,0.58
海信,2017-04-01,0.41
奇酷,2017-04-01,0.41
乐丰,2017-04-01,0.34
摩托罗拉,2017-04-01,0.3
语信,2017-04-01,0.23
中国移动,2017-04-01,0.23
努比亚,2017-04-01,0.23
天猫,2017-04-01,0.22
索尼,2017-04-01,0.2
HTC,2017-04-01,0.19
长虹,2017-04-01,0.18
酷比,2017-04-01,0.17
步步高,2017-04-01,0.17
TCL,2017-04-01,0.15
美图,2017-04-01,0.14
锤子,2017-04-01,0.14
朵唯,2017-04-01,0.13
康佳,2017-04-01,0.12
一加,2017-04-01,0.11
诺亚信,2017-04-01,0.1
LG,2017-04-01,0.1
创维,2017-04-01,0.1
酷珀,2017-04-01,0.09
暴风,2017-04-01,0.09
爱我,2017-04-01,0.09
Micromax,2017-04-01,0.08
华硕,2017-04-01,0.08
天语,2017-04-01,0.07
优购,2017-04-01,0.06
英菲克,2017-04-01,0.06
领歌,2017-04-01,0.06
诺基亚,2017-04-01,0.05
ZUK,2017-04-01,0.05
MTK,2017-04-01,0.05
小天才,2017-04-01,0.04
bignox,2017-04-01,0.04
贝尔丰,2017-04-01,0.04
至尊宝,2017-04-01,0.04
海尔,2017-04-01,0.04
Blackview,2017-04-01,0.04
维图,2017-04-01,0.04
瑞芯微,2017-04-01,0.03
波导,2017-04-01,0.03
青橙,2017-04-01,0.03
奥洛斯,2017-04-01,0.03
Videocon,2017-04-01,0.03
小辣椒,2017-04-01,0.03
bigsamsung,2017-04-01,0.03
PPTV,2017-04-01,0.03
广信,2017-04-01,0.02
读书郎,2017-04-01,0.02
Innjoo,2017-04-01,0.02
DATC,2017-04-01,0.02
沃普丰,2017-04-01,0.02
飞利浦,2017-04-01,0.02
E人E本,2017-04-01,0.02
迪优美特,2017-04-01,0.02
邦华,2017-04-01,0.02
海思,2017-04-01,0.02
亿通,2017-04-01,0.02
米蓝,2017-04-01,0.02
Karbonn,2017-04-01,0.02
海派贵族,2017-04-01,0.02
蓝博兴,2017-04-01,0.02
Infinix,2017-04-01,0.02
晨星,2017-04-01,0.01
开博尔,2017-04-01,0.01
黑莓,2017-04-01,0.01
大麦盒子,2017-04-01,0.01
誉品,2017-04-01,0.01
天宏时代,2017-04-01,0.01
基伍,2017-04-01,0.01
天敏,2017-04-01,0.01
赛博宇华,2017-04-01,0.01
欧沃,2017-04-01,0.01
海美迪,2017-04-01,0.01
锋影,2017-04-01,0.01
MBX,2017-04-01,0.01
Blu,2017-04-01,0.01
聆韵,2017-04-01,0.01
糯米,2017-04-01,0.01
斐讯,2017-04-01,0.01
声丽,2017-04-01,0.01
泰捷,2017-04-01,0.01
首云,2017-04-01,0.01
德卡诺,2017-04-01,0.01
蓝魔,2017-04-01,0.01
亚马逊,2017-04-01,0.01
苹果,2017-05-01,32.36
小米,2017-05-01,16.95
华为,2017-05-01,11.76
OPPO,2017-05-01,10.2
vivo,2017-05-01,8.84
三星,2017-05-01,5.55
魅族,2017-05-01,2.28
金立,2017-05-01,1.56
乐视,2017-05-01,1.52
酷派,2017-05-01,1.13
联想,2017-05-01,0.97
中兴,2017-05-01,0.57
奇酷,2017-05-01,0.4
海信,2017-05-01,0.38
乐丰,2017-05-01,0.34
摩托罗拉,2017-05-01,0.26
中国移动,2017-05-01,0.23
天猫,2017-05-01,0.22
努比亚,2017-05-01,0.21
语信,2017-05-01,0.21
索尼,2017-05-01,0.18
HTC,2017-05-01,0.17
酷比,2017-05-01,0.16
步步高,2017-05-01,0.16
长虹,2017-05-01,0.16
美图,2017-05-01,0.15
锤子,2017-05-01,0.15
TCL,2017-05-01,0.13
朵唯,2017-05-01,0.12
康佳,2017-05-01,0.11
一加,2017-05-01,0.1
暴风,2017-05-01,0.09
LG,2017-05-01,0.09
创维,2017-05-01,0.09
酷珀,2017-05-01,0.08
诺亚信,2017-05-01,0.08
Micromax,2017-05-01,0.07
爱我,2017-05-01,0.07
华硕,2017-05-01,0.07
英菲克,2017-05-01,0.06
天语,2017-05-01,0.06
优购,2017-05-01,0.06
MTK,2017-05-01,0.05
诺基亚,2017-05-01,0.05
ZUK,2017-05-01,0.05
领歌,2017-05-01,0.05
小天才,2017-05-01,0.05
海尔,2017-05-01,0.04
至尊宝,2017-05-01,0.04
贝尔丰,2017-05-01,0.04
bignox,2017-05-01,0.03
瑞芯微,2017-05-01,0.03
维图,2017-05-01,0.03
小辣椒,2017-05-01,0.03
青橙,2017-05-01,0.03
波导,2017-05-01,0.03
迪优美特,2017-05-01,0.03
飞利浦,2017-05-01,0.03
DATC,2017-05-01,0.02
PPTV,2017-05-01,0.02
奥洛斯,2017-05-01,0.02
Blackview,2017-05-01,0.02
广信,2017-05-01,0.02
Videocon,2017-05-01,0.02
读书郎,2017-05-01,0.02
沃普丰,2017-05-01,0.02
Innjoo,2017-05-01,0.02
海思,2017-05-01,0.02
bigsamsung,2017-05-01,0.02
E人E本,2017-05-01,0.02
Blu,2017-05-01,0.02
邦华,2017-05-01,0.02
亿通,2017-05-01,0.02
Karbonn,2017-05-01,0.02
晨星,2017-05-01,0.02
米蓝,2017-05-01,0.02
Infinix,2017-05-01,0.01
天宏时代,2017-05-01,0.01
海美迪,2017-05-01,0.01
誉品,2017-05-01,0.01
蓝博兴,2017-05-01,0.01
大麦盒子,2017-05-01,0.01
夏普,2017-05-01,0.01
开博尔,2017-05-01,0.01
欧沃,2017-05-01,0.01
赛博宇华,2017-05-01,0.01
基伍,2017-05-01,0.01
糯米,2017-05-01,0.01
聆韵,2017-05-01,0.01
海派贵族,2017-05-01,0.01
天敏,2017-05-01,0.01
锋影,2017-05-01,0.01
ivvi,2017-05-01,0.01
安博,2017-05-01,0.01
声丽,2017-05-01,0.01
斐讯,2017-05-01,0.01
蓝魔,2017-05-01,0.01
首云,2017-05-01,0.01
黑莓,2017-05-01,0.01
maxtron,2017-05-01,0.01
苹果,2017-06-01,31.38
小米,2017-06-01,16.99
华为,2017-06-01,12.03
OPPO,2017-06-01,10.8
vivo,2017-06-01,9.38
三星,2017-06-01,5.35
魅族,2017-06-01,2.27
金立,2017-06-01,1.65
乐视,2017-06-01,1.47
酷派,2017-06-01,1.05
联想,2017-06-01,0.9
中兴,2017-06-01,0.57
奇酷,2017-06-01,0.4
海信,2017-06-01,0.39
乐丰,2017-06-01,0.35
中国移动,2017-06-01,0.23
摩托罗拉,2017-06-01,0.23
努比亚,2017-06-01,0.21
天猫,2017-06-01,0.2
语信,2017-06-01,0.19
步步高,2017-06-01,0.18
索尼,2017-06-01,0.17
HTC,2017-06-01,0.16
锤子,2017-06-01,0.16
长虹,2017-06-01,0.16
美图,2017-06-01,0.15
酷比,2017-06-01,0.15
TCL,2017-06-01,0.13
朵唯,2017-06-01,0.12
康佳,2017-06-01,0.11
一加,2017-06-01,0.1
暴风,2017-06-01,0.09
LG,2017-06-01,0.09
创维,2017-06-01,0.08
诺亚信,2017-06-01,0.08
酷珀,2017-06-01,0.08
爱我,2017-06-01,0.07
英菲克,2017-06-01,0.07
Micromax,2017-06-01,0.06
华硕,2017-06-01,0.06
天语,2017-06-01,0.06
优购,2017-06-01,0.06
诺基亚,2017-06-01,0.05
MTK,2017-06-01,0.05
ZUK,2017-06-01,0.05
小天才,2017-06-01,0.05
领歌,2017-06-01,0.05
海尔,2017-06-01,0.04
迪优美特,2017-06-01,0.04
至尊宝,2017-06-01,0.03
瑞芯微,2017-06-01,0.03
小辣椒,2017-06-01,0.03
贝尔丰,2017-06-01,0.03
维图,2017-06-01,0.03
bignox,2017-06-01,0.03
青橙,2017-06-01,0.03
波导,2017-06-01,0.03
飞利浦,2017-06-01,0.02
PPTV,2017-06-01,0.02
广信,2017-06-01,0.02
读书郎,2017-06-01,0.02
奥洛斯,2017-06-01,0.02
DATC,2017-06-01,0.02
Videocon,2017-06-01,0.02
沃普丰,2017-06-01,0.02
海思,2017-06-01,0.02
Innjoo,2017-06-01,0.02
夏普,2017-06-01,0.02
邦华,2017-06-01,0.02
Blackview,2017-06-01,0.02
E人E本,2017-06-01,0.02
晨星,2017-06-01,0.02
亿通,2017-06-01,0.02
Karbonn,2017-06-01,0.02
ivvi,2017-06-01,0.02
米蓝,2017-06-01,0.01
海美迪,2017-06-01,0.01
誉品,2017-06-01,0.01
蓝博兴,2017-06-01,0.01
bigsamsung,2017-06-01,0.01
安博,2017-06-01,0.01
Infinix,2017-06-01,0.01
天宏时代,2017-06-01,0.01
聆韵,2017-06-01,0.01
大麦盒子,2017-06-01,0.01
开博尔,2017-06-01,0.01
欧沃,2017-06-01,0.01
赛博宇华,2017-06-01,0.01
锋影,2017-06-01,0.01
maxtron,2017-06-01,0.01
优米,2017-06-01,0.01
Blu,2017-06-01,0.01
声丽,2017-06-01,0.01
海派贵族,2017-06-01,0.01
基伍,2017-06-01,0.01
天敏,2017-06-01,0.01
唯米,2017-06-01,0.01
斐讯,2017-06-01,0.01
亚马逊,2017-06-01,0.01
蓝魔,2017-06-01,0.01
苹果,2017-07-01,30.93
小米,2017-07-01,16.61
华为,2017-07-01,12.29
OPPO,2017-07-01,11.19
vivo,2017-07-01,9.71
三星,2017-07-01,5.16
魅族,2017-07-01,2.19
金立,2017-07-01,1.7
乐视,2017-07-01,1.43
酷派,2017-07-01,1.06
联想,2017-07-01,0.86
中兴,2017-07-01,0.61
海信,2017-07-01,0.4
奇酷,2017-07-01,0.39
乐丰,2017-07-01,0.36
中国移动,2017-07-01,0.25
步步高,2017-07-01,0.22
摩托罗拉,2017-07-01,0.21
天猫,2017-07-01,0.2
努比亚,2017-07-01,0.2
语信,2017-07-01,0.18
索尼,2017-07-01,0.16
长虹,2017-07-01,0.16
美图,2017-07-01,0.15
锤子,2017-07-01,0.15
酷比,2017-07-01,0.15
HTC,2017-07-01,0.14
TCL,2017-07-01,0.13
朵唯,2017-07-01,0.11
一加,2017-07-01,0.11
康佳,2017-07-01,0.11
LG,2017-07-01,0.1
暴风,2017-07-01,0.08
创维,2017-07-01,0.08
诺亚信,2017-07-01,0.08
海尔,2017-07-01,0.08
酷珀,2017-07-01,0.08
英菲克,2017-07-01,0.07
爱我,2017-07-01,0.07
小天才,2017-07-01,0.06
Micromax,2017-07-01,0.06
华硕,2017-07-01,0.06
MTK,2017-07-01,0.05
优购,2017-07-01,0.05
天语,2017-07-01,0.05
诺基亚,2017-07-01,0.05
ZUK,2017-07-01,0.05
迪优美特,2017-07-01,0.04
领歌,2017-07-01,0.04
至尊宝,2017-07-01,0.04
小辣椒,2017-07-01,0.04
贝尔丰,2017-07-01,0.03
瑞芯微,2017-07-01,0.03
维图,2017-07-01,0.03
青橙,2017-07-01,0.03
Advan,2017-07-01,0.03
读书郎,2017-07-01,0.03
bignox,2017-07-01,0.03
安博,2017-07-01,0.03
波导,2017-07-01,0.03
飞利浦,2017-07-01,0.02
广信,2017-07-01,0.02
沃普丰,2017-07-01,0.02
PPTV,2017-07-01,0.02
奥洛斯,2017-07-01,0.02
夏普,2017-07-01,0.02
海思,2017-07-01,0.02
ivvi,2017-07-01,0.02
Videocon,2017-07-01,0.02
DATC,2017-07-01,0.02
晨星,2017-07-01,0.02
亿通,2017-07-01,0.02
邦华,2017-07-01,0.02
Blackview,2017-07-01,0.02
Innjoo,2017-07-01,0.02
E人E本,2017-07-01,0.02
bigsamsung,2017-07-01,0.02
誉品,2017-07-01,0.01
海美迪,2017-07-01,0.01
Blu,2017-07-01,0.01
米蓝,2017-07-01,0.01
Karbonn,2017-07-01,0.01
蓝博兴,2017-07-01,0.01
大麦盒子,2017-07-01,0.01
赛博宇华,2017-07-01,0.01
聆韵,2017-07-01,0.01
天宏时代,2017-07-01,0.01
优米,2017-07-01,0.01
Infinix,2017-07-01,0.01
锋影,2017-07-01,0.01
欧沃,2017-07-01,0.01
maxtron,2017-07-01,0.01
开博尔,2017-07-01,0.01
极米,2017-07-01,0.01
imoo,2017-07-01,0.01
天敏,2017-07-01,0.01
唯米,2017-07-01,0.01
斐讯,2017-07-01,0.01
海派贵族,2017-07-01,0.01
亚马逊,2017-07-01,0.01
苹果,2017-08-01,31.33
小米,2017-08-01,16.52
华为,2017-08-01,12.41
OPPO,2017-08-01,11.58
vivo,2017-08-01,9.77
三星,2017-08-01,4.83
魅族,2017-08-01,2.11
金立,2017-08-01,1.69
乐视,2017-08-01,1.37
酷派,2017-08-01,0.97
联想,2017-08-01,0.76
中兴,2017-08-01,0.58
海信,2017-08-01,0.42
奇酷,2017-08-01,0.39
乐丰,2017-08-01,0.34
中国移动,2017-08-01,0.25
天猫,2017-08-01,0.21
步步高,2017-08-01,0.21
努比亚,2017-08-01,0.19
语信,2017-08-01,0.16
长虹,2017-08-01,0.16
美图,2017-08-01,0.16
索尼,2017-08-01,0.15
锤子,2017-08-01,0.15
摩托罗拉,2017-08-01,0.14
酷比,2017-08-01,0.14
TCL,2017-08-01,0.13
海尔,2017-08-01,0.13
HTC,2017-08-01,0.13
一加,2017-08-01,0.11
朵唯,2017-08-01,0.11
康佳,2017-08-01,0.1
LG,2017-08-01,0.09
暴风,2017-08-01,0.09
创维,2017-08-01,0.08
诺亚信,2017-08-01,0.08
英菲克,2017-08-01,0.07
酷珀,2017-08-01,0.07
小天才,2017-08-01,0.06
爱我,2017-08-01,0.06
MTK,2017-08-01,0.06
优购,2017-08-01,0.05
ZUK,2017-08-01,0.05
Micromax,2017-08-01,0.05
华硕,2017-08-01,0.05
诺基亚,2017-08-01,0.05
Advan,2017-08-01,0.04
天语,2017-08-01,0.04
至尊宝,2017-08-01,0.04
迪优美特,2017-08-01,0.04
领歌,2017-08-01,0.04
小辣椒,2017-08-01,0.04
安博,2017-08-01,0.03
瑞芯微,2017-08-01,0.03
贝尔丰,2017-08-01,0.03
维图,2017-08-01,0.03
青橙,2017-08-01,0.03
读书郎,2017-08-01,0.03
飞利浦,2017-08-01,0.03
夏普,2017-08-01,0.02
波导,2017-08-01,0.02
广信,2017-08-01,0.02
ivvi,2017-08-01,0.02
沃普丰,2017-08-01,0.02
PPTV,2017-08-01,0.02
海思,2017-08-01,0.02
奥洛斯,2017-08-01,0.02
晨星,2017-08-01,0.02
亿通,2017-08-01,0.02
Videocon,2017-08-01,0.02
bignox,2017-08-01,0.02
Blackview,2017-08-01,0.02
邦华,2017-08-01,0.02
E人E本,2017-08-01,0.02
bigsamsung,2017-08-01,0.02
DATC,2017-08-01,0.01
Innjoo,2017-08-01,0.01
Blu,2017-08-01,0.01
海美迪,2017-08-01,0.01
誉品,2017-08-01,0.01
Karbonn,2017-08-01,0.01
大麦盒子,2017-08-01,0.01
锋影,2017-08-01,0.01
赛博宇华,2017-08-01,0.01
米蓝,2017-08-01,0.01
聆韵,2017-08-01,0.01
天宏时代,2017-08-01,0.01
蓝博兴,2017-08-01,0.01
欧沃,2017-08-01,0.01
maxtron,2017-08-01,0.01
Infinix,2017-08-01,0.01
优米,2017-08-01,0.01
开博尔,2017-08-01,0.01
极米,2017-08-01,0.01
天敏,2017-08-01,0.01
亚马逊,2017-08-01,0.01
斐讯,2017-08-01,0.01
imoo,2017-08-01,0.01
泰捷,2017-08-01,0.01
海派贵族,2017-08-01,0.01
苹果,2017-09-01,31.37
小米,2017-09-01,17.05
华为,2017-09-01,11.93
OPPO,2017-09-01,11.49
vivo,2017-09-01,9.37
三星,2017-09-01,4.6
联想,2017-09-01,2.12
魅族,2017-09-01,2.01
金立,2017-09-01,1.57
乐视,2017-09-01,1.28
酷派,2017-09-01,0.83
中兴,2017-09-01,0.59
海信,2017-09-01,0.45
奇酷,2017-09-01,0.39
乐丰,2017-09-01,0.29
中国移动,2017-09-01,0.22
天猫,2017-09-01,0.22
努比亚,2017-09-01,0.19
美图,2017-09-01,0.17
步步高,2017-09-01,0.17
长虹,2017-09-01,0.15
海尔,2017-09-01,0.15
锤子,2017-09-01,0.15
索尼,2017-09-01,0.14
语信,2017-09-01,0.14
摩托罗拉,2017-09-01,0.13
酷比,2017-09-01,0.12
一加,2017-09-01,0.12
TCL,2017-09-01,0.12
HTC,2017-09-01,0.12
康佳,2017-09-01,0.1
朵唯,2017-09-01,0.1
暴风,2017-09-01,0.09
LG,2017-09-01,0.09
创维,2017-09-01,0.08
英菲克,2017-09-01,0.08
诺亚信,2017-09-01,0.06
MTK,2017-09-01,0.06
酷珀,2017-09-01,0.06
Advan,2017-09-01,0.06
爱我,2017-09-01,0.06
小天才,2017-09-01,0.05
诺基亚,2017-09-01,0.05
ZUK,2017-09-01,0.05
华硕,2017-09-01,0.04
Micromax,2017-09-01,0.04
优购,2017-09-01,0.04
领歌,2017-09-01,0.04
安博,2017-09-01,0.04
至尊宝,2017-09-01,0.03
天语,2017-09-01,0.03
瑞芯微,2017-09-01,0.03
小辣椒,2017-09-01,0.03
迪优美特,2017-09-01,0.03
夏普,2017-09-01,0.03
飞利浦,2017-09-01,0.03
贝尔丰,2017-09-01,0.02
读书郎,2017-09-01,0.02
青橙,2017-09-01,0.02
维图,2017-09-01,0.02
ivvi,2017-09-01,0.02
PPTV,2017-09-01,0.02
晨星,2017-09-01,0.02
海思,2017-09-01,0.02
沃普丰,2017-09-01,0.02
广信,2017-09-01,0.02
Videocon,2017-09-01,0.02
波导,2017-09-01,0.02
亿通,2017-09-01,0.02
bignox,2017-09-01,0.02
Blackview,2017-09-01,0.02
E人E本,2017-09-01,0.01
Innjoo,2017-09-01,0.01
海美迪,2017-09-01,0.01
Blu,2017-09-01,0.01
邦华,2017-09-01,0.01
bigsamsung,2017-09-01,0.01
奥洛斯,2017-09-01,0.01
Karbonn,2017-09-01,0.01
大麦盒子,2017-09-01,0.01
maxtron,2017-09-01,0.01
极米,2017-09-01,0.01
誉品,2017-09-01,0.01
欧沃,2017-09-01,0.01
DATC,2017-09-01,0.01
锋影,2017-09-01,0.01
开博尔,2017-09-01,0.01
优米,2017-09-01,0.01
米蓝,2017-09-01,0.01
Infinix,2017-09-01,0.01
聆韵,2017-09-01,0.01
宇飞来,2017-09-01,0.01
赛博宇华,2017-09-01,0.01
蓝博兴,2017-09-01,0.01
泰捷,2017-09-01,0.01
天宏时代,2017-09-01,0.01
天敏,2017-09-01,0.01
忆典,2017-09-01,0.01
亚马逊,2017-09-01,0.01
DOOGEE,2017-09-01,0.01
苹果,2017-10-01,31.86
小米,2017-10-01,17.39
华为,2017-10-01,11.8
OPPO,2017-10-01,11.64
vivo,2017-10-01,9.55
三星,2017-10-01,4.5
魅族,2017-10-01,1.94
金立,2017-10-01,1.54
联想,2017-10-01,1.4
乐视,2017-10-01,1.22
酷派,2017-10-01,0.81
中兴,2017-10-01,0.54
海信,2017-10-01,0.48
奇酷,2017-10-01,0.38
乐丰,2017-10-01,0.27
天猫,2017-10-01,0.25
中国移动,2017-10-01,0.23
步步高,2017-10-01,0.19
努比亚,2017-10-01,0.18
美图,2017-10-01,0.18
海尔,2017-10-01,0.17
锤子,2017-10-01,0.16
索尼,2017-10-01,0.14
长虹,2017-10-01,0.14
语信,2017-10-01,0.14
摩托罗拉,2017-10-01,0.13
TCL,2017-10-01,0.12
一加,2017-10-01,0.12
酷比,2017-10-01,0.12
康佳,2017-10-01,0.11
HTC,2017-10-01,0.1
朵唯,2017-10-01,0.1
LG,2017-10-01,0.1
暴风,2017-10-01,0.09
创维,2017-10-01,0.09
英菲克,2017-10-01,0.09
Advan,2017-10-01,0.07
MTK,2017-10-01,0.07
诺亚信,2017-10-01,0.06
酷珀,2017-10-01,0.06
小天才,2017-10-01,0.05
华硕,2017-10-01,0.05
ZUK,2017-10-01,0.04
诺基亚,2017-10-01,0.04
爱我,2017-10-01,0.04
Micromax,2017-10-01,0.04
领歌,2017-10-01,0.04
瑞芯微,2017-10-01,0.03
迪优美特,2017-10-01,0.03
夏普,2017-10-01,0.03
至尊宝,2017-10-01,0.03
小辣椒,2017-10-01,0.03
安博,2017-10-01,0.03
天语,2017-10-01,0.03
读书郎,2017-10-01,0.02
ivvi,2017-10-01,0.02
青橙,2017-10-01,0.02
贝尔丰,2017-10-01,0.02
晨星,2017-10-01,0.02
维图,2017-10-01,0.02
广信,2017-10-01,0.02
海思,2017-10-01,0.02
PPTV,2017-10-01,0.02
优购,2017-10-01,0.02
沃普丰,2017-10-01,0.02
亿通,2017-10-01,0.02
Videocon,2017-10-01,0.02
波导,2017-10-01,0.02
bignox,2017-10-01,0.02
Blackview,2017-10-01,0.02
飞利浦,2017-10-01,0.01
bigsamsung,2017-10-01,0.01
海美迪,2017-10-01,0.01
Blu,2017-10-01,0.01
邦华,2017-10-01,0.01
Innjoo,2017-10-01,0.01
极米,2017-10-01,0.01
大麦盒子,2017-10-01,0.01
奥洛斯,2017-10-01,0.01
E人E本,2017-10-01,0.01
maxtron,2017-10-01,0.01
锋影,2017-10-01,0.01
宇飞来,2017-10-01,0.01
开博尔,2017-10-01,0.01
Karbonn,2017-10-01,0.01
泰捷,2017-10-01,0.01
誉品,2017-10-01,0.01
聆韵,2017-10-01,0.01
Infinix,2017-10-01,0.01
优米,2017-10-01,0.01
赛博宇华,2017-10-01,0.01
DATC,2017-10-01,0.01
天敏,2017-10-01,0.01
DOOGEE,2017-10-01,0.01
忆典,2017-10-01,0.01
欧沃,2017-10-01,0.01
天宏时代,2017-10-01,0.01
格力,2017-10-01,0.01
亚马逊,2017-10-01,0.01
纽曼,2017-10-01,0.01
苹果,2017-11-01,31.97
小米,2017-11-01,17.97
华为,2017-11-01,11.98
OPPO,2017-11-01,11.86
vivo,2017-11-01,9.68
三星,2017-11-01,4.35
魅族,2017-11-01,1.84
金立,2017-11-01,1.52
乐视,2017-11-01,1.16
酷派,2017-11-01,0.76
联想,2017-11-01,0.57
中兴,2017-11-01,0.5
海信,2017-11-01,0.49
奇酷,2017-11-01,0.4
中国移动,2017-11-01,0.28
乐丰,2017-11-01,0.25
天猫,2017-11-01,0.21
海尔,2017-11-01,0.19
索尼,2017-11-01,0.19
美图,2017-11-01,0.18
努比亚,2017-11-01,0.18
锤子,2017-11-01,0.18
步步高,2017-11-01,0.17
长虹,2017-11-01,0.14
摩托罗拉,2017-11-01,0.13
语信,2017-11-01,0.13
一加,2017-11-01,0.12
TCL,2017-11-01,0.12
酷比,2017-11-01,0.11
康佳,2017-11-01,0.11
创维,2017-11-01,0.1
LG,2017-11-01,0.1
HTC,2017-11-01,0.1
英菲克,2017-11-01,0.09
朵唯,2017-11-01,0.09
暴风,2017-11-01,0.09
Advan,2017-11-01,0.08
MTK,2017-11-01,0.07
小天才,2017-11-01,0.05
酷珀,2017-11-01,0.05
诺亚信,2017-11-01,0.05
诺基亚,2017-11-01,0.05
华硕,2017-11-01,0.04
ZUK,2017-11-01,0.04
夏普,2017-11-01,0.04
爱我,2017-11-01,0.04
领歌,2017-11-01,0.04
Micromax,2017-11-01,0.03
瑞芯微,2017-11-01,0.03
安博,2017-11-01,0.03
迪优美特,2017-11-01,0.03
小辣椒,2017-11-01,0.03
至尊宝,2017-11-01,0.03
天语,2017-11-01,0.03
ivvi,2017-11-01,0.03
魔百盒,2017-11-01,0.02
读书郎,2017-11-01,0.02
晨星,2017-11-01,0.02
海思,2017-11-01,0.02
广信,2017-11-01,0.02
青橙,2017-11-01,0.02
贝尔丰,2017-11-01,0.02
PPTV,2017-11-01,0.02
维图,2017-11-01,0.02
亿通,2017-11-01,0.02
Videocon,2017-11-01,0.02
Blackview,2017-11-01,0.02
优购,2017-11-01,0.02
bigsamsung,2017-11-01,0.02
bignox,2017-11-01,0.02
沃普丰,2017-11-01,0.01
海美迪,2017-11-01,0.01
极米,2017-11-01,0.01
宇飞来,2017-11-01,0.01
飞利浦,2017-11-01,0.01
波导,2017-11-01,0.01
邦华,2017-11-01,0.01
Innjoo,2017-11-01,0.01
Blu,2017-11-01,0.01
E人E本,2017-11-01,0.01
maxtron,2017-11-01,0.01
锋影,2017-11-01,0.01
开博尔,2017-11-01,0.01
泰捷,2017-11-01,0.01
大麦盒子,2017-11-01,0.01
Karbonn,2017-11-01,0.01
DOOGEE,2017-11-01,0.01
奥洛斯,2017-11-01,0.01
誉品,2017-11-01,0.01
Infinix,2017-11-01,0.01
聆韵,2017-11-01,0.01
优米,2017-11-01,0.01
宏碁,2017-11-01,0.01
忆典,2017-11-01,0.01
天敏,2017-11-01,0.01
格力,2017-11-01,0.01
DATC,2017-11-01,0.01
纽曼,2017-11-01,0.01
欧沃,2017-11-01,0.01
赛博宇华,2017-11-01,0.01
苹果,2017-12-01,31.35
小米,2017-12-01,17.89
华为,2017-12-01,12.25
OPPO,2017-12-01,12.11
vivo,2017-12-01,9.89
三星,2017-12-01,4.18
魅族,2017-12-01,1.81
金立,2017-12-01,1.55
乐视,2017-12-01,1.25
酷派,2017-12-01,0.72
联想,2017-12-01,0.54
海信,2017-12-01,0.51
中兴,2017-12-01,0.5
奇酷,2017-12-01,0.4
中国移动,2017-12-01,0.29
乐丰,2017-12-01,0.24
海尔,2017-12-01,0.22
天猫,2017-12-01,0.2
索尼,2017-12-01,0.2
锤子,2017-12-01,0.19
美图,2017-12-01,0.18
努比亚,2017-12-01,0.18
一加,2017-12-01,0.14
摩托罗拉,2017-12-01,0.14
长虹,2017-12-01,0.14
步步高,2017-12-01,0.13
语信,2017-12-01,0.12
TCL,2017-12-01,0.12
酷比,2017-12-01,0.11
创维,2017-12-01,0.11
康佳,2017-12-01,0.11
Advan,2017-12-01,0.1
LG,2017-12-01,0.1
英菲克,2017-12-01,0.09
朵唯,2017-12-01,0.09
HTC,2017-12-01,0.09
暴风,2017-12-01,0.09
MTK,2017-12-01,0.09
小天才,2017-12-01,0.05
酷珀,2017-12-01,0.05
夏普,2017-12-01,0.05
诺亚信,2017-12-01,0.05
诺基亚,2017-12-01,0.05
迪优美特,2017-12-01,0.04
ZUK,2017-12-01,0.04
华硕,2017-12-01,0.04
小辣椒,2017-12-01,0.04
瑞芯微,2017-12-01,0.03
安博,2017-12-01,0.03
爱我,2017-12-01,0.03
领歌,2017-12-01,0.03
Micromax,2017-12-01,0.03
至尊宝,2017-12-01,0.03
魔百盒,2017-12-01,0.03
天语,2017-12-01,0.03
ivvi,2017-12-01,0.03
读书郎,2017-12-01,0.03
飞利浦,2017-12-01,0.02
晨星,2017-12-01,0.02
海思,2017-12-01,0.02
bignox,2017-12-01,0.02
广信,2017-12-01,0.02
bigsamsung,2017-12-01,0.02
青橙,2017-12-01,0.02
PPTV,2017-12-01,0.02
贝尔丰,2017-12-01,0.02
维图,2017-12-01,0.02
亿通,2017-12-01,0.02
宇飞来,2017-12-01,0.02
Blackview,2017-12-01,0.02
宏碁,2017-12-01,0.02
Videocon,2017-12-01,0.02
极米,2017-12-01,0.01
优购,2017-12-01,0.01
沃普丰,2017-12-01,0.01
海美迪,2017-12-01,0.01
Blu,2017-12-01,0.01
邦华,2017-12-01,0.01
泰捷,2017-12-01,0.01
波导,2017-12-01,0.01
Innjoo,2017-12-01,0.01
maxtron,2017-12-01,0.01
锋影,2017-12-01,0.01
开博尔,2017-12-01,0.01
E人E本,2017-12-01,0.01
Cherry Mobile,2017-12-01,0.01
DOOGEE,2017-12-01,0.01
大麦盒子,2017-12-01,0.01
忆典,2017-12-01,0.01
奥洛斯,2017-12-01,0.01
Karbonn,2017-12-01,0.01
誉品,2017-12-01,0.01
纽曼,2017-12-01,0.01
聆韵,2017-12-01,0.01
天敏,2017-12-01,0.01
格力,2017-12-01,0.01
赛博宇华,2017-12-01,0.01
优米,2017-12-01,0.01
Infinix,2017-12-01,0.01
魔盒,2017-12-01,0.01
苹果,2018-01-01,30.66
小米,2018-01-01,17.69
OPPO,2018-01-01,12.48
华为,2018-01-01,12.44
vivo,2018-01-01,9.96
三星,2018-01-01,4.13
魅族,2018-01-01,1.78
金立,2018-01-01,1.5
乐视,2018-01-01,1.13
酷派,2018-01-01,0.64
海信,2018-01-01,0.53
联想,2018-01-01,0.5
中兴,2018-01-01,0.49
TCL,2018-01-01,0.4
奇酷,2018-01-01,0.39
中国移动,2018-01-01,0.3
天猫,2018-01-01,0.29
MTK,2018-01-01,0.26
海尔,2018-01-01,0.25
乐丰,2018-01-01,0.23
索尼,2018-01-01,0.23
锤子,2018-01-01,0.2
美图,2018-01-01,0.19
努比亚,2018-01-01,0.18
摩托罗拉,2018-01-01,0.15
一加,2018-01-01,0.15
长虹,2018-01-01,0.14
创维,2018-01-01,0.12
步步高,2018-01-01,0.12
语信,2018-01-01,0.11
康佳,2018-01-01,0.11
酷比,2018-01-01,0.11
Advan,2018-01-01,0.11
LG,2018-01-01,0.1
英菲克,2018-01-01,0.09
朵唯,2018-01-01,0.08
暴风,2018-01-01,0.08
HTC,2018-01-01,0.08
夏普,2018-01-01,0.06
小天才,2018-01-01,0.05
酷珀,2018-01-01,0.05
迪优美特,2018-01-01,0.05
诺基亚,2018-01-01,0.05
诺亚信,2018-01-01,0.04
ZUK,2018-01-01,0.04
小辣椒,2018-01-01,0.04
华硕,2018-01-01,0.04
瑞芯微,2018-01-01,0.03
安博,2018-01-01,0.03
领歌,2018-01-01,0.03
Micromax,2018-01-01,0.03
读书郎,2018-01-01,0.03
爱我,2018-01-01,0.03
魔百盒,2018-01-01,0.03
至尊宝,2018-01-01,0.03
天语,2018-01-01,0.03
飞利浦,2018-01-01,0.03
ivvi,2018-01-01,0.02
宏碁,2018-01-01,0.02
晨星,2018-01-01,0.02
bigsamsung,2018-01-01,0.02
海思,2018-01-01,0.02
bignox,2018-01-01,0.02
青橙,2018-01-01,0.02
广信,2018-01-01,0.02
贝尔丰,2018-01-01,0.02
PPTV,2018-01-01,0.02
宇飞来,2018-01-01,0.02
维图,2018-01-01,0.02
极米,2018-01-01,0.02
Videocon,2018-01-01,0.01
亿通,2018-01-01,0.01
忆典,2018-01-01,0.01
Blu,2018-01-01,0.01
沃普丰,2018-01-01,0.01
泰捷,2018-01-01,0.01
Blackview,2018-01-01,0.01
优购,2018-01-01,0.01
海美迪,2018-01-01,0.01
锋影,2018-01-01,0.01
Cherry Mobile,2018-01-01,0.01
邦华,2018-01-01,0.01
E人E本,2018-01-01,0.01
魔盒,2018-01-01,0.01
Innjoo,2018-01-01,0.01
波导,2018-01-01,0.01
开博尔,2018-01-01,0.01
大麦盒子,2018-01-01,0.01
maxtron,2018-01-01,0.01
DOOGEE,2018-01-01,0.01
亚马逊,2018-01-01,0.01
纽曼,2018-01-01,0.01
天敏,2018-01-01,0.01
Karbonn,2018-01-01,0.01
奥洛斯,2018-01-01,0.01
MOOKA,2018-01-01,0.01
Ipro,2018-01-01,0.01
格力,2018-01-01,0.01
赛博宇华,2018-01-01,0.01
誉品,2018-01-01,0.01
苹果,2018-02-01,29.61
小米,2018-02-01,17.16
OPPO,2018-02-01,13.4
华为,2018-02-01,13.03
vivo,2018-02-01,10.56
三星,2018-02-01,3.88
魅族,2018-02-01,1.78
金立,2018-02-01,1.5
乐视,2018-02-01,1.13
酷派,2018-02-01,0.6
海信,2018-02-01,0.57
中兴,2018-02-01,0.48
联想,2018-02-01,0.46
奇酷,2018-02-01,0.39
中国移动,2018-02-01,0.32
海尔,2018-02-01,0.28
天猫,2018-02-01,0.28
索尼,2018-02-01,0.24
乐丰,2018-02-01,0.23
锤子,2018-02-01,0.21
TCL,2018-02-01,0.18
美图,2018-02-01,0.18
努比亚,2018-02-01,0.17
MTK,2018-02-01,0.15
一加,2018-02-01,0.15
摩托罗拉,2018-02-01,0.15
长虹,2018-02-01,0.14
创维,2018-02-01,0.14
康佳,2018-02-01,0.12
酷比,2018-02-01,0.12
Advan,2018-02-01,0.12
语信,2018-02-01,0.11
LG,2018-02-01,0.11
英菲克,2018-02-01,0.1
步步高,2018-02-01,0.1
暴风,2018-02-01,0.09
朵唯,2018-02-01,0.08
HTC,2018-02-01,0.07
夏普,2018-02-01,0.07
迪优美特,2018-02-01,0.06
小天才,2018-02-01,0.05
酷珀,2018-02-01,0.05
诺基亚,2018-02-01,0.05
诺亚信,2018-02-01,0.04
魔百盒,2018-02-01,0.04
ZUK,2018-02-01,0.04
小辣椒,2018-02-01,0.04
瑞芯微,2018-02-01,0.04
读书郎,2018-02-01,0.03
安博,2018-02-01,0.03
华硕,2018-02-01,0.03
领歌,2018-02-01,0.03
爱我,2018-02-01,0.03
至尊宝,2018-02-01,0.03
Micromax,2018-02-01,0.03
天语,2018-02-01,0.03
飞利浦,2018-02-01,0.03
ivvi,2018-02-01,0.02
晨星,2018-02-01,0.02
海思,2018-02-01,0.02
宇飞来,2018-02-01,0.02
忆典,2018-02-01,0.02
广信,2018-02-01,0.02
青橙,2018-02-01,0.02
贝尔丰,2018-02-01,0.02
极米,2018-02-01,0.02
PPTV,2018-02-01,0.02
维图,2018-02-01,0.02
泰捷,2018-02-01,0.02
锋影,2018-02-01,0.02
bigsamsung,2018-02-01,0.02
亿通,2018-02-01,0.02
Cherry Mobile,2018-02-01,0.02
沃普丰,2018-02-01,0.01
海美迪,2018-02-01,0.01
宏碁,2018-02-01,0.01
优购,2018-02-01,0.01
Videocon,2018-02-01,0.01
bignox,2018-02-01,0.01
魔盒,2018-02-01,0.01
邦华,2018-02-01,0.01
Blackview,2018-02-01,0.01
大麦盒子,2018-02-01,0.01
开博尔,2018-02-01,0.01
波导,2018-02-01,0.01
亚马逊,2018-02-01,0.01
格力,2018-02-01,0.01
Blu,2018-02-01,0.01
E人E本,2018-02-01,0.01
传奇,2018-02-01,0.01
天敏,2018-02-01,0.01
Innjoo,2018-02-01,0.01
纽曼,2018-02-01,0.01
DOOGEE,2018-02-01,0.01
MOOKA,2018-02-01,0.01
奥洛斯,2018-02-01,0.01
赛博宇华,2018-02-01,0.01
OTT,2018-02-01,0.01
maxtron,2018-02-01,0.01
誉品,2018-02-01,0.01
OPPO,2018-03-01,28.25
苹果,2018-03-01,25.32
小米,2018-03-01,13.68
华为,2018-03-01,11.04
vivo,2018-03-01,8.67
三星,2018-03-01,3.26
魅族,2018-03-01,1.44
金立,2018-03-01,1.17
乐视,2018-03-01,0.86
酷派,2018-03-01,0.45
海信,2018-03-01,0.44
中兴,2018-03-01,0.38
联想,2018-03-01,0.35
奇酷,2018-03-01,0.32
中国移动,2018-03-01,0.27
海尔,2018-03-01,0.24
索尼,2018-03-01,0.22
锤子,2018-03-01,0.19
天猫,2018-03-01,0.18
乐丰,2018-03-01,0.16
美图,2018-03-01,0.15
努比亚,2018-03-01,0.15
摩托罗拉,2018-03-01,0.14
一加,2018-03-01,0.14
TCL,2018-03-01,0.13
长虹,2018-03-01,0.11
创维,2018-03-01,0.11
Advan,2018-03-01,0.11
LG,2018-03-01,0.1
MTK,2018-03-01,0.1
酷比,2018-03-01,0.1
康佳,2018-03-01,0.1
语信,2018-03-01,0.08
英菲克,2018-03-01,0.08
步步高,2018-03-01,0.08
暴风,2018-03-01,0.07
夏普,2018-03-01,0.06
朵唯,2018-03-01,0.06
HTC,2018-03-01,0.06
诺基亚,2018-03-01,0.04
迪优美特,2018-03-01,0.04
小天才,2018-03-01,0.04
酷珀,2018-03-01,0.04
魔百盒,2018-03-01,0.03
ZUK,2018-03-01,0.03
读书郎,2018-03-01,0.03
瑞芯微,2018-03-01,0.03
诺亚信,2018-03-01,0.03
小辣椒,2018-03-01,0.03
华硕,2018-03-01,0.03
安博,2018-03-01,0.03
领歌,2018-03-01,0.02
Micromax,2018-03-01,0.02
飞利浦,2018-03-01,0.02
天语,2018-03-01,0.02
晨星,2018-03-01,0.02
忆典,2018-03-01,0.02
爱我,2018-03-01,0.02
至尊宝,2018-03-01,0.02
ivvi,2018-03-01,0.02
宇飞来,2018-03-01,0.02
海思,2018-03-01,0.02
Cherry Mobile,2018-03-01,0.02
极米,2018-03-01,0.01
泰捷,2018-03-01,0.01
PPTV,2018-03-01,0.01
魔盒,2018-03-01,0.01
广信,2018-03-01,0.01
亿通,2018-03-01,0.01
青橙,2018-03-01,0.01
Videocon,2018-03-01,0.01
贝尔丰,2018-03-01,0.01
维图,2018-03-01,0.01
Blu,2018-03-01,0.01
bigsamsung,2018-03-01,0.01
海美迪,2018-03-01,0.01
锋影,2018-03-01,0.01
Blackview,2018-03-01,0.01
亚马逊,2018-03-01,0.01
宏碁,2018-03-01,0.01
沃普丰,2018-03-01,0.01
优购,2018-03-01,0.01
格力,2018-03-01,0.01
邦华,2018-03-01,0.01
开博尔,2018-03-01,0.01
Innjoo,2018-03-01,0.01
大麦盒子,2018-03-01,0.01
E人E本,2018-03-01,0.01
纽曼,2018-03-01,0.01
MOOKA,2018-03-01,0.01
DOOGEE,2018-03-01,0.01
传奇,2018-03-01,0.01
天敏,2018-03-01,0.01
maxtron,2018-03-01,0.01
波导,2018-03-01,0.01
Karbonn,2018-03-01,0.01
bignox,2018-03-01,0.01
OTT,2018-03-01,0.01
欧亚信,2018-03-01,0.01
dolphin,2018-03-01,0.01
苹果,2018-04-01,32.95
OPPO,2018-04-01,14.54
华为,2018-04-01,14.42
小米,2018-04-01,10.88
vivo,2018-04-01,10.81
三星,2018-04-01,4.18
魅族,2018-04-01,1.76
金立,2018-04-01,1.51
乐视,2018-04-01,1.0
酷派,2018-04-01,0.53
海信,2018-04-01,0.48
中兴,2018-04-01,0.48
奇酷,2018-04-01,0.42
联想,2018-04-01,0.4
中国移动,2018-04-01,0.37
海尔,2018-04-01,0.31
索尼,2018-04-01,0.31
锤子,2018-04-01,0.25
TCL,2018-04-01,0.24
天猫,2018-04-01,0.21
乐丰,2018-04-01,0.2
努比亚,2018-04-01,0.19
美图,2018-04-01,0.19
摩托罗拉,2018-04-01,0.18
一加,2018-04-01,0.17
MTK,2018-04-01,0.17
Advan,2018-04-01,0.14
长虹,2018-04-01,0.14
创维,2018-04-01,0.14
LG,2018-04-01,0.12
康佳,2018-04-01,0.12
酷比,2018-04-01,0.12
语信,2018-04-01,0.1
英菲克,2018-04-01,0.09
夏普,2018-04-01,0.09
步步高,2018-04-01,0.09
暴风,2018-04-01,0.09
HTC,2018-04-01,0.07
朵唯,2018-04-01,0.07
诺基亚,2018-04-01,0.06
迪优美特,2018-04-01,0.05
读书郎,2018-04-01,0.04
小天才,2018-04-01,0.04
魔百盒,2018-04-01,0.04
酷珀,2018-04-01,0.04
ZUK,2018-04-01,0.04
瑞芯微,2018-04-01,0.04
华硕,2018-04-01,0.03
安博,2018-04-01,0.03
诺亚信,2018-04-01,0.03
小辣椒,2018-04-01,0.03
飞利浦,2018-04-01,0.03
Micromax,2018-04-01,0.03
领歌,2018-04-01,0.03
忆典,2018-04-01,0.03
晨星,2018-04-01,0.02
宇飞来,2018-04-01,0.02
Cherry Mobile,2018-04-01,0.02
ivvi,2018-04-01,0.02
天语,2018-04-01,0.02
至尊宝,2018-04-01,0.02
爱我,2018-04-01,0.02
海思,2018-04-01,0.02
极米,2018-04-01,0.02
魔盒,2018-04-01,0.02
泰捷,2018-04-01,0.02
PPTV,2018-04-01,0.02
宏碁,2018-04-01,0.02
亿通,2018-04-01,0.02
青橙,2018-04-01,0.01
广信,2018-04-01,0.01
Videocon,2018-04-01,0.01
贝尔丰,2018-04-01,0.01
海美迪,2018-04-01,0.01
Blu,2018-04-01,0.01
亚马逊,2018-04-01,0.01
Blackview,2018-04-01,0.01
维图,2018-04-01,0.01
锋影,2018-04-01,0.01
格力,2018-04-01,0.01
沃普丰,2018-04-01,0.01
邦华,2018-04-01,0.01
优购,2018-04-01,0.01
bigsamsung,2018-04-01,0.01
开博尔,2018-04-01,0.01
纽曼,2018-04-01,0.01
MOOKA,2018-04-01,0.01
Innjoo,2018-04-01,0.01
E人E本,2018-04-01,0.01
DOOGEE,2018-04-01,0.01
大麦盒子,2018-04-01,0.01
天敏,2018-04-01,0.01
黑莓,2018-04-01,0.01
maxtron,2018-04-01,0.01
OTT,2018-04-01,0.01
波导,2018-04-01,0.01
dolphin,2018-04-01,0.01
Karbonn,2018-04-01,0.01
传奇,2018-04-01,0.01
蓝魔,2018-04-01,0.01
苹果,2018-05-01,31.46
OPPO,2018-05-01,16.24
华为,2018-05-01,14.91
vivo,2018-05-01,11.77
小米,2018-05-01,10.34
三星,2018-05-01,3.99
魅族,2018-05-01,1.76
金立,2018-05-01,1.43
乐视,2018-05-01,0.8
酷派,2018-05-01,0.44
中兴,2018-05-01,0.44
海信,2018-05-01,0.43
奇酷,2018-05-01,0.41
联想,2018-05-01,0.35
中国移动,2018-05-01,0.35
索尼,2018-05-01,0.31
锤子,2018-05-01,0.25
海尔,2018-05-01,0.24
TCL,2018-05-01,0.23
天猫,2018-05-01,0.19
一加,2018-05-01,0.19
努比亚,2018-05-01,0.19
美图,2018-05-01,0.17
MTK,2018-05-01,0.17
摩托罗拉,2018-05-01,0.17
乐丰,2018-05-01,0.16
长虹,2018-05-01,0.13
创维,2018-05-01,0.13
LG,2018-05-01,0.12
康佳,2018-05-01,0.11
酷比,2018-05-01,0.11
语信,2018-05-01,0.09
英菲克,2018-05-01,0.09
夏普,2018-05-01,0.08
暴风,2018-05-01,0.08
步步高,2018-05-01,0.08
HTC,2018-05-01,0.07
朵唯,2018-05-01,0.06
诺基亚,2018-05-01,0.06
Advan,2018-05-01,0.06
迪优美特,2018-05-01,0.05
读书郎,2018-05-01,0.05
魔百盒,2018-05-01,0.04
ZUK,2018-05-01,0.04
小天才,2018-05-01,0.04
瑞芯微,2018-05-01,0.04
酷珀,2018-05-01,0.03
华硕,2018-05-01,0.03
安博,2018-05-01,0.03
宏碁,2018-05-01,0.03
飞利浦,2018-05-01,0.03
诺亚信,2018-05-01,0.03
小辣椒,2018-05-01,0.03
忆典,2018-05-01,0.03
领歌,2018-05-01,0.03
Cherry Mobile,2018-05-01,0.03
宇飞来,2018-05-01,0.02
Micromax,2018-05-01,0.02
晨星,2018-05-01,0.02
ivvi,2018-05-01,0.02
极米,2018-05-01,0.02
海思,2018-05-01,0.02
魔盒,2018-05-01,0.02
爱我,2018-05-01,0.02
泰捷,2018-05-01,0.02
天语,2018-05-01,0.02
至尊宝,2018-05-01,0.02
PPTV,2018-05-01,0.02
亿通,2018-05-01,0.02
青橙,2018-05-01,0.01
广信,2018-05-01,0.01
MOOKA,2018-05-01,0.01
Videocon,2018-05-01,0.01
亚马逊,2018-05-01,0.01
海美迪,2018-05-01,0.01
Blackview,2018-05-01,0.01
格力,2018-05-01,0.01
贝尔丰,2018-05-01,0.01
Blu,2018-05-01,0.01
邦华,2018-05-01,0.01
锋影,2018-05-01,0.01
维图,2018-05-01,0.01
纽曼,2018-05-01,0.01
开博尔,2018-05-01,0.01
沃普丰,2018-05-01,0.01
优购,2018-05-01,0.01
Innjoo,2018-05-01,0.01
E人E本,2018-05-01,0.01
bigsamsung,2018-05-01,0.01
DOOGEE,2018-05-01,0.01
大麦盒子,2018-05-01,0.01
美格,2018-05-01,0.01
卡美欧,2018-05-01,0.01
天敏,2018-05-01,0.01
dolphin,2018-05-01,0.01
黑莓,2018-05-01,0.01
OTT,2018-05-01,0.01
蓝魔,2018-05-01,0.01
Karbonn,2018-05-01,0.01
maxtron,2018-05-01,0.01
苹果,2018-06-01,31.34
OPPO,2018-06-01,16.63
华为,2018-06-01,15.04
vivo,2018-06-01,11.92
小米,2018-06-01,10.4
三星,2018-06-01,3.85
魅族,2018-06-01,1.71
金立,2018-06-01,1.36
乐视,2018-06-01,0.77
海信,2018-06-01,0.42
中兴,2018-06-01,0.41
酷派,2018-06-01,0.39
奇酷,2018-06-01,0.39
中国移动,2018-06-01,0.33
联想,2018-06-01,0.33
索尼,2018-06-01,0.31
锤子,2018-06-01,0.25
TCL,2018-06-01,0.24
一加,2018-06-01,0.2
天猫,2018-06-01,0.2
海尔,2018-06-01,0.19
努比亚,2018-06-01,0.19
MTK,2018-06-01,0.17
美图,2018-06-01,0.16
摩托罗拉,2018-06-01,0.16
乐丰,2018-06-01,0.14
长虹,2018-06-01,0.13
创维,2018-06-01,0.13
LG,2018-06-01,0.12
康佳,2018-06-01,0.11
酷比,2018-06-01,0.1
英菲克,2018-06-01,0.09
夏普,2018-06-01,0.08
暴风,2018-06-01,0.08
语信,2018-06-01,0.08
步步高,2018-06-01,0.07
诺基亚,2018-06-01,0.07
Advan,2018-06-01,0.07
HTC,2018-06-01,0.06
朵唯,2018-06-01,0.06
迪优美特,2018-06-01,0.04
读书郎,2018-06-01,0.04
ZUK,2018-06-01,0.04
瑞芯微,2018-06-01,0.04
宏碁,2018-06-01,0.04
魔百盒,2018-06-01,0.03
小天才,2018-06-01,0.03
酷珀,2018-06-01,0.03
安博,2018-06-01,0.03
华硕,2018-06-01,0.03
飞利浦,2018-06-01,0.03
忆典,2018-06-01,0.03
Cherry Mobile,2018-06-01,0.03
晨星,2018-06-01,0.03
诺亚信,2018-06-01,0.03
宇飞来,2018-06-01,0.02
小辣椒,2018-06-01,0.02
领歌,2018-06-01,0.02
极米,2018-06-01,0.02
Micromax,2018-06-01,0.02
泰捷,2018-06-01,0.02
ivvi,2018-06-01,0.02
魔盒,2018-06-01,0.02
海思,2018-06-01,0.02
美格,2018-06-01,0.02
PPTV,2018-06-01,0.02
爱我,2018-06-01,0.02
至尊宝,2018-06-01,0.01
亿通,2018-06-01,0.01
天语,2018-06-01,0.01
青橙,2018-06-01,0.01
MOOKA,2018-06-01,0.01
亚马逊,2018-06-01,0.01
海美迪,2018-06-01,0.01
广信,2018-06-01,0.01
格力,2018-06-01,0.01
贝尔丰,2018-06-01,0.01
邦华,2018-06-01,0.01
Videocon,2018-06-01,0.01
Blackview,2018-06-01,0.01
大麦盒子,2018-06-01,0.01
锋影,2018-06-01,0.01
Blu,2018-06-01,0.01
开博尔,2018-06-01,0.01
维图,2018-06-01,0.01
纽曼,2018-06-01,0.01
优购,2018-06-01,0.01
沃普丰,2018-06-01,0.01
E人E本,2018-06-01,0.01
Innjoo,2018-06-01,0.01
Ipro,2018-06-01,0.01
DOOGEE,2018-06-01,0.01
dolphin,2018-06-01,0.01
天敏,2018-06-01,0.01
卡美欧,2018-06-01,0.01
OTT,2018-06-01,0.01
bigsamsung,2018-06-01,0.01
蓝魔,2018-06-01,0.01
黑莓,2018-06-01,0.01
imoo,2018-06-01,0.01
苹果,2018-07-01,31.45
OPPO,2018-07-01,15.78
华为,2018-07-01,15.53
vivo,2018-07-01,12.61
小米,2018-07-01,10.08
三星,2018-07-01,3.9
魅族,2018-07-01,1.69
金立,2018-07-01,1.35
乐视,2018-07-01,0.71
海信,2018-07-01,0.41
酷派,2018-07-01,0.39
奇酷,2018-07-01,0.39
中兴,2018-07-01,0.38
联想,2018-07-01,0.32
索尼,2018-07-01,0.32
锤子,2018-07-01,0.24
TCL,2018-07-01,0.23
中国移动,2018-07-01,0.23
一加,2018-07-01,0.21
海尔,2018-07-01,0.19
天猫,2018-07-01,0.19
努比亚,2018-07-01,0.18
MTK,2018-07-01,0.17
摩托罗拉,2018-07-01,0.16
美图,2018-07-01,0.16
乐丰,2018-07-01,0.14
Advan,2018-07-01,0.13
创维,2018-07-01,0.13
长虹,2018-07-01,0.13
LG,2018-07-01,0.12
康佳,2018-07-01,0.1
酷比,2018-07-01,0.1
步步高,2018-07-01,0.08
夏普,2018-07-01,0.08
英菲克,2018-07-01,0.08
暴风,2018-07-01,0.08
语信,2018-07-01,0.08
诺基亚,2018-07-01,0.07
HTC,2018-07-01,0.06
朵唯,2018-07-01,0.06
小天才,2018-07-01,0.04
迪优美特,2018-07-01,0.04
读书郎,2018-07-01,0.04
宏碁,2018-07-01,0.04
瑞芯微,2018-07-01,0.04
ZUK,2018-07-01,0.03
华硕,2018-07-01,0.03
酷珀,2018-07-01,0.03
安博,2018-07-01,0.03
Cherry Mobile,2018-07-01,0.03
飞利浦,2018-07-01,0.03
宇飞来,2018-07-01,0.03
晨星,2018-07-01,0.03
忆典,2018-07-01,0.03
诺亚信,2018-07-01,0.02
小辣椒,2018-07-01,0.02
领歌,2018-07-01,0.02
极米,2018-07-01,0.02
泰捷,2018-07-01,0.02
ivvi,2018-07-01,0.02
海思,2018-07-01,0.02
Micromax,2018-07-01,0.02
魔盒,2018-07-01,0.02
Blu,2018-07-01,0.02
魔百盒,2018-07-01,0.02
美格,2018-07-01,0.02
亿通,2018-07-01,0.01
至尊宝,2018-07-01,0.01
PPTV,2018-07-01,0.01
爱我,2018-07-01,0.01
MOOKA,2018-07-01,0.01
天语,2018-07-01,0.01
青橙,2018-07-01,0.01
亚马逊,2018-07-01,0.01
格力,2018-07-01,0.01
广信,2018-07-01,0.01
海美迪,2018-07-01,0.01
贝尔丰,2018-07-01,0.01
邦华,2018-07-01,0.01
锋影,2018-07-01,0.01
Blackview,2018-07-01,0.01
Videocon,2018-07-01,0.01
纽曼,2018-07-01,0.01
维图,2018-07-01,0.01
开博尔,2018-07-01,0.01
沃普丰,2018-07-01,0.01
优购,2018-07-01,0.01
大麦盒子,2018-07-01,0.01
Ipro,2018-07-01,0.01
E人E本,2018-07-01,0.01
Innjoo,2018-07-01,0.01
黑莓,2018-07-01,0.01
谷歌,2018-07-01,0.01
dolphin,2018-07-01,0.01
OTT,2018-07-01,0.01
卡美欧,2018-07-01,0.01
DOOGEE,2018-07-01,0.01
天敏,2018-07-01,0.01
imoo,2018-07-01,0.01
蓝魔,2018-07-01,0.01
苹果,2018-08-01,30.96
OPPO,2018-08-01,16.33
华为,2018-08-01,15.79
vivo,2018-08-01,13.14
小米,2018-08-01,9.96
三星,2018-08-01,3.74
魅族,2018-08-01,1.64
金立,2018-08-01,1.27
乐视,2018-08-01,0.63
海信,2018-08-01,0.4
奇酷,2018-08-01,0.38
酷派,2018-08-01,0.36
中兴,2018-08-01,0.35
索尼,2018-08-01,0.32
联想,2018-08-01,0.3
锤子,2018-08-01,0.25
一加,2018-08-01,0.21
中国移动,2018-08-01,0.21
TCL,2018-08-01,0.2
海尔,2018-08-01,0.19
努比亚,2018-08-01,0.17
天猫,2018-08-01,0.17
美图,2018-08-01,0.16
摩托罗拉,2018-08-01,0.15
Advan,2018-08-01,0.14
MTK,2018-08-01,0.14
乐丰,2018-08-01,0.13
创维,2018-08-01,0.13
长虹,2018-08-01,0.12
LG,2018-08-01,0.1
酷比,2018-08-01,0.1
康佳,2018-08-01,0.1
夏普,2018-08-01,0.08
步步高,2018-08-01,0.08
诺基亚,2018-08-01,0.08
英菲克,2018-08-01,0.07
暴风,2018-08-01,0.07
语信,2018-08-01,0.07
HTC,2018-08-01,0.06
朵唯,2018-08-01,0.05
读书郎,2018-08-01,0.04
小天才,2018-08-01,0.04
迪优美特,2018-08-01,0.04
宏碁,2018-08-01,0.04
瑞芯微,2018-08-01,0.04
ZUK,2018-08-01,0.03
Cherry Mobile,2018-08-01,0.03
安博,2018-08-01,0.03
华硕,2018-08-01,0.03
酷珀,2018-08-01,0.03
飞利浦,2018-08-01,0.03
宇飞来,2018-08-01,0.03
晨星,2018-08-01,0.03
忆典,2018-08-01,0.02
诺亚信,2018-08-01,0.02
小辣椒,2018-08-01,0.02
极米,2018-08-01,0.02
领歌,2018-08-01,0.02
Blu,2018-08-01,0.02
泰捷,2018-08-01,0.02
ivvi,2018-08-01,0.02
Micromax,2018-08-01,0.02
海思,2018-08-01,0.02
魔盒,2018-08-01,0.02
亿通,2018-08-01,0.01
魔百盒,2018-08-01,0.01
黑莓,2018-08-01,0.01
美格,2018-08-01,0.01
PPTV,2018-08-01,0.01
至尊宝,2018-08-01,0.01
海美迪,2018-08-01,0.01
爱我,2018-08-01,0.01
格力,2018-08-01,0.01
天语,2018-08-01,0.01
广信,2018-08-01,0.01
青橙,2018-08-01,0.01
MOOKA,2018-08-01,0.01
贝尔丰,2018-08-01,0.01
邦华,2018-08-01,0.01
亚马逊,2018-08-01,0.01
Blackview,2018-08-01,0.01
锋影,2018-08-01,0.01
纽曼,2018-08-01,0.01
开博尔,2018-08-01,0.01
Videocon,2018-08-01,0.01
维图,2018-08-01,0.01
沃普丰,2018-08-01,0.01
优购,2018-08-01,0.01
Ipro,2018-08-01,0.01
大麦盒子,2018-08-01,0.01
E人E本,2018-08-01,0.01
Innjoo,2018-08-01,0.01
dolphin,2018-08-01,0.01
卡美欧,2018-08-01,0.01
天敏,2018-08-01,0.01
蓝魔,2018-08-01,0.01
谷歌,2018-08-01,0.01
OTT,2018-08-01,0.01
Bluboo,2018-08-01,0.01
imoo,2018-08-01,0.01
苹果,2018-09-01,31.65
OPPO,2018-09-01,16.58
华为,2018-09-01,15.95
vivo,2018-09-01,13.11
小米,2018-09-01,9.68
三星,2018-09-01,3.58
魅族,2018-09-01,1.55
金立,2018-09-01,1.16
乐视,2018-09-01,0.56
海信,2018-09-01,0.38
索尼,2018-09-01,0.35
奇酷,2018-09-01,0.34
中兴,2018-09-01,0.34
酷派,2018-09-01,0.31
锤子,2018-09-01,0.27
联想,2018-09-01,0.27
一加,2018-09-01,0.23
TCL,2018-09-01,0.23
海尔,2018-09-01,0.18
中国移动,2018-09-01,0.18
努比亚,2018-09-01,0.17
Advan,2018-09-01,0.16
美图,2018-09-01,0.16
天猫,2018-09-01,0.15
创维,2018-09-01,0.13
摩托罗拉,2018-09-01,0.12
长虹,2018-09-01,0.11
LG,2018-09-01,0.1
乐丰,2018-09-01,0.09
康佳,2018-09-01,0.09
夏普,2018-09-01,0.09
酷比,2018-09-01,0.09
诺基亚,2018-09-01,0.08
英菲克,2018-09-01,0.08
暴风,2018-09-01,0.07
步步高,2018-09-01,0.06
语信,2018-09-01,0.06
MTK,2018-09-01,0.05
HTC,2018-09-01,0.05
读书郎,2018-09-01,0.05
朵唯,2018-09-01,0.04
瑞芯微,2018-09-01,0.04
宏碁,2018-09-01,0.04
迪优美特,2018-09-01,0.04
Cherry Mobile,2018-09-01,0.03
小天才,2018-09-01,0.03
飞利浦,2018-09-01,0.03
ZUK,2018-09-01,0.03
安博,2018-09-01,0.03
宇飞来,2018-09-01,0.03
晨星,2018-09-01,0.03
华硕,2018-09-01,0.03
Blu,2018-09-01,0.03
忆典,2018-09-01,0.02
极米,2018-09-01,0.02
领歌,2018-09-01,0.02
酷珀,2018-09-01,0.02
海思,2018-09-01,0.02
泰捷,2018-09-01,0.02
魔盒,2018-09-01,0.02
黑莓,2018-09-01,0.02
诺亚信,2018-09-01,0.02
小辣椒,2018-09-01,0.02
ivvi,2018-09-01,0.02
美格,2018-09-01,0.02
亿通,2018-09-01,0.02
海美迪,2018-09-01,0.01
PPTV,2018-09-01,0.01
Micromax,2018-09-01,0.01
魔百盒,2018-09-01,0.01
格力,2018-09-01,0.01
MOOKA,2018-09-01,0.01
纽曼,2018-09-01,0.01
亚马逊,2018-09-01,0.01
爱我,2018-09-01,0.01
开博尔,2018-09-01,0.01
锋影,2018-09-01,0.01
邦华,2018-09-01,0.01
广信,2018-09-01,0.01
青橙,2018-09-01,0.01
至尊宝,2018-09-01,0.01
天语,2018-09-01,0.01
Blackview,2018-09-01,0.01
Videocon,2018-09-01,0.01
Ipro,2018-09-01,0.01
贝尔丰,2018-09-01,0.01
大麦盒子,2018-09-01,0.01
OTT,2018-09-01,0.01
Innjoo,2018-09-01,0.01
Bluboo,2018-09-01,0.01
dolphin,2018-09-01,0.01
E人E本,2018-09-01,0.01
卡美欧,2018-09-01,0.01
优购,2018-09-01,0.01
蓝魔,2018-09-01,0.01
天敏,2018-09-01,0.01
沃普丰,2018-09-01,0.01
康尔,2018-09-01,0.01
谷歌,2018-09-01,0.01
优酷,2018-09-01,0.01
